"token","lsd","n"
"eur",0,214
"company",0,177
"mn",0,99
"finnish",0,86
"finland",0,85
"sales",0,80
"net",0,78
"million",0,77
"profit",0,74
"2009",0,62
"business",0,60
"operating",0,58
"2008",0,57
"period",0,53
"share",0,51
"2007",0,50
"quarter",0,50
"market",0,49
"services",0,48
"oyj",0,47
"mln",0,46
"2010",0,45
"2006",0,35
"loss",-1,35
"contract",0,34
"mobile",0,34
"production",0,34
"helsinki",0,33
"nokia",0,33
"operations",0,31
"products",0,29
"based",0,28
"financial",0,28
"service",0,28
"agreement",1,27
"bank",0,27
"technology",0,27
"compared",0,26
"board",0,25
"construction",0,25
"capital",0,24
"shares",0,24
"companies",0,23
"euro",0,23
"hel",0,23
"solutions",0,23
"deal",0,22
"development",0,22
"total",0,22
"capman",0,21
"customers",0,21
"earlier",0,21
"global",0,21
"increase",0,21
"plant",0,21
"russia",0,21
"unit",0,21
"1",0,20
"acquisition",0,20
"announced",0,20
"corporation",0,20
"equipment",0,20
"media",0,20
"project",0,20
"30",0,19
"annual",0,19
"countries",0,19
"january",0,19
"management",0,19
"pct",0,19
"software",0,19
"billion",0,18
"percent",0,18
"plc",0,18
"ceo",0,17
"exchange",0,17
"oy",0,17
"result",0,17
"signed",0,17
"stock",0,17
"approximately",0,16
"devices",0,16
"including",0,16
"increased",0,16
"industry",0,16
"news",0,16
"rose",0,16
"subsidiary",0,16
"usd",0,16
"10",0,15
"2",0,15
"2005",0,15
"euros",0,15
"expected",0,15
"investment",0,15
"omx",0,15
"product",0,15
"2011",0,14
"building",0,14
"completed",0,14
"design",0,14
"directors",0,14
"information",0,14
"manufacturing",0,14
"september",0,14
"4",0,13
"5",0,13
"customer",0,13
"employees",0,13
"meeting",0,13
"negotiations",0,13
"october",0,13
"price",0,13
"range",0,13
"start",0,13
"addition",0,12
"april",0,12
"data",0,12
"distribution",0,12
"earnings",0,12
"established",0,12
"half",0,12
"international",0,12
"markets",0,12
"provider",0,12
"sale",0,12
"security",0,12
"steel",0,12
"stora",0,12
"sweden",0,12
"swedish",0,12
"systems",0,12
"time",0,12
"12",0,11
"6",0,11
"8",0,11
"basware",0,11
"enso",0,11
"europe",0,11
"industrial",0,11
"maker",0,11
"nordic",0,11
"outotec",0,11
"position",0,11
"shareholders",0,11
"supplier",0,11
"world",0,11
"1.5",0,10
"20",0,10
"7",0,10
"9",0,10
"agreed",1,10
"alma",0,10
"capacity",0,10
"day",0,10
"developed",0,10
"device",0,10
"estimated",0,10
"eur0",0,10
"finnair",0,10
"food",0,10
"growth",0,10
"includes",0,10
"joint",0,10
"kesko",0,10
"line",0,10
"mill",0,10
"months",0,10
"network",0,10
"oil",0,10
"paper",0,10
"phones",0,10
"plans",0,10
"president",0,10
"public",0,10
"quality",1,10
"real",0,10
"related",0,10
"release",0,10
"rental",0,10
"report",0,10
"revenue",0,10
"supply",0,10
"system",0,10
"teliasonera",0,10
"units",0,10
"100",0,9
"15",0,9
"aspocomp",0,9
"baltic",0,9
"china",0,9
"consumer",0,9
"covers",0,9
"credit",1,9
"director",0,9
"dividend",0,9
"elcoteq",0,9
"electronics",0,9
"energy",0,9
"executive",0,9
"facility",0,9
"firm",0,9
"headquartered",0,9
"life",0,9
"month",0,9
"networks",0,9
"office",0,9
"people",0,9
"performance",0,9
"personnel",0,9
"phone",0,9
"projects",0,9
"sector",0,9
"significant",1,9
"stake",0,9
"totalled",0,9
"turnover",0,9
"volume",0,9
"worth",1,9
"14",0,8
"18",0,8
"24",0,8
"added",0,8
"amounted",0,8
"analysis",0,8
"application",0,8
"applications",0,8
"chain",0,8
"chairman",0,8
"city",0,8
"consumers",0,8
"cost",0,8
"decreased",0,8
"delivery",0,8
"division",-1,8
"engineering",0,8
"eps",0,8
"expects",0,8
"fell",0,8
"glass",0,8
"glaston",0,8
"handset",0,8
"income",0,8
"index",0,8
"india",0,8
"indian",0,8
"investments",0,8
"june",0,8
"kemira",0,8
"leading",0,8
"listed",0,8
"local",0,8
"london",0,8
"lower",0,8
"machinery",0,8
"maintenance",0,8
"major",0,8
"makes",0,8
"manager",0,8
"medical",0,8
"november",0,8
"packaging",0,8
"planned",0,8
"plants",0,8
"pohjola",0,8
"presence",0,8
"previously",0,8
"private",0,8
"process",0,8
"processing",0,8
"reported",0,8
"russian",0,8
"sek",0,8
"situation",0,8
"solution",0,8
"sports",0,8
"square",0,8
"strategy",0,8
"totaled",0,8
"transaction",0,8
"25",0,7
"ab",0,7
"ahlstrom",0,7
"aspo",0,7
"august",0,7
"bought",0,7
"center",0,7
"circuit",0,7
"clothing",0,7
"competition",0,7
"corp",0,7
"cramo",-1,7
"december",0,7
"deliver",0,7
"efficiency",1,7
"employs",0,7
"enables",0,7
"equity",0,7
"estate",0,7
"financing",0,7
"fund",0,7
"future",0,7
"grew",0,7
"house",0,7
"internet",0,7
"items",0,7
"july",0,7
"key",0,7
"manufacturer",0,7
"marketing",0,7
"mid",0,7
"owned",0,7
"paid",0,7
"petersburg",0,7
"poland",0,7
"press",0,7
"provide",1,7
"provided",0,7
"pulp",0,7
"reporting",0,7
"secure",1,7
"sell",0,7
"set",0,7
"social",0,7
"st",0,7
"target",0,7
"won",1,7
"0.3",0,6
"33",0,6
"50",0,6
"acquire",0,6
"activities",0,6
"afx",0,6
"announcement",0,6
"base",0,6
"carrier",0,6
"clients",0,6
"combined",0,6
"communication",0,6
"communications",0,6
"componenta",0,6
"consolidated",1,6
"content",0,6
"contracts",0,6
"cooperation",1,6
"cranes",0,6
"current",0,6
"demand",0,6
"designs",0,6
"details",0,6
"due",0,6
"effect",0,6
"enterprise",0,6
"factory",0,6
"february",0,6
"feed",0,6
"fixed",0,6
"focus",0,6
"funds",0,6
"growing",0,6
"held",0,6
"insurance",0,6
"issue",0,6
"issued",0,6
"japan",0,6
"machines",0,6
"managing",0,6
"march",0,6
"marimekko",0,6
"material",0,6
"method",0,6
"north",0,6
"offer",0,6
"offering",0,6
"operators",0,6
"partner",1,6
"plan",0,6
"planning",0,6
"poyry",0,6
"produced",0,6
"program",0,6
"purchase",0,6
"record",0,6
"recurring",0,6
"responsible",1,6
"results",0,6
"rights",1,6
"ruukki",0,6
"savings",0,6
"short",0,6
"siemens",0,6
"sold",0,6
"starting",0,6
"stockmann",0,6
"stonesoft",0,6
"strategic",0,6
"strong",1,6
"tekla",0,6
"telecommunications",0,6
"teleste",0,6
"term",0,6
"terms",0,6
"trade",0,6
"users",0,6
"venture",0,6
"versus",0,6
"video",0,6
"_l",0,5
"000",0,5
"130",0,5
"19",0,5
"21",0,5
"3",0,5
"3g",0,5
"80",0,5
"administration",0,5
"affecto",0,5
"ago",0,5
"agreements",1,5
"airline",0,5
"alexandria",0,5
"appointed",0,5
"approval",1,5
"asia",0,5
"banks",0,5
"basis",0,5
"bn",0,5
"bonds",0,5
"broadband",0,5
"businesses",0,5
"buyout",0,5
"cargotec",0,5
"carried",0,5
"cash",0,5
"chief",0,5
"complete",0,5
"comptel",0,5
"conditions",0,5
"costs",0,5
"country",0,5
"daily",0,5
"date",0,5
"dec",0,5
"decided",0,5
"decrease",0,5
"developing",0,5
"eb",0,5
"eet",0,5
"entered",0,5
"entire",0,5
"espoo",0,5
"european",0,5
"excluding",-1,5
"expand",0,5
"expanding",0,5
"fall",0,5
"fiskars",0,5
"flights",0,5
"fourth",0,5
"france",0,5
"free",1,5
"friday",0,5
"germany",0,5
"headquarters",0,5
"hkscan",0,5
"holds",0,5
"hong",0,5
"improved",1,5
"include",0,5
"included",0,5
"integrated",0,5
"issues",0,5
"kong",0,5
"largest",0,5
"launch",0,5
"lay",0,5
"lead",0,5
"low",0,5
"magazine",0,5
"main",0,5
"manufactures",0,5
"margin",0,5
"materials",0,5
"maximum",0,5
"measures",0,5
"metres",0,5
"neste",0,5
"newspaper",0,5
"nordea",0,5
"northern",0,5
"operates",0,5
"option",0,5
"outlook",0,5
"partners",1,5
"patent",0,5
"pharmaceutical",0,5
"portfolio",0,5
"potential",0,5
"property",0,5
"raise",0,5
"reductions",0,5
"remaining",0,5
"retail",0,5
"run",0,5
"sanoma",0,5
"serve",0,5
"ship",0,5
"space",0,5
"sponda",0,5
"sq",0,5
"strengthen",1,5
"structures",0,5
"summer",0,5
"support",1,5
"team",0,5
"temporary",0,5
"thursday",0,5
"tonnes",0,5
"town",0,5
"u.s",0,5
"upm",0,5
"va",0,5
"vice",-1,5
"web",0,5
"wood",0,5
"_m",0,4
"08",0,4
"1.2",0,4
"2.2",0,4
"2.5",0,4
"2004",0,4
"22",0,4
"23",0,4
"accordance",1,4
"acquired",0,4
"acquiring",0,4
"acquisitions",0,4
"adp",0,4
"aims",0,4
"aldata",0,4
"aluminium",0,4
"amount",0,4
"arena",0,4
"arrangements",0,4
"art",0,4
"asset",1,4
"atria",0,4
"authorities",0,4
"automation",0,4
"beginning",0,4
"bridge",0,4
"cargo",0,4
"cencorp",0,4
"cent",0,4
"central",0,4
"change",0,4
"chinese",0,4
"close",0,4
"commercial",0,4
"committee",0,4
"completion",0,4
"components",0,4
"concern",-1,4
"considerably",0,4
"consumption",0,4
"continue",0,4
"convertible",0,4
"cover",0,4
"cross",0,4
"czech",0,4
"debt",-1,4
"decision",0,4
"designed",0,4
"developer",0,4
"digital",0,4
"direct",0,4
"disclosed",0,4
"electronic",0,4
"estonia",0,4
"etteplan",0,4
"event",0,4
"existing",0,4
"expertise",1,4
"facilities",0,4
"fair",1,4
"family",0,4
"feb",0,4
"fiber",0,4
"finance",0,4
"flexible",1,4
"flow",0,4
"forest",0,4
"form",0,4
"fortum",0,4
"front",0,4
"gmbh",0,4
"government",0,4
"handling",0,4
"head",0,4
"holding",0,4
"impact",0,4
"innovative",1,4
"installation",0,4
"invest",0,4
"investor",0,4
"jumped",0,4
"kone",0,4
"lease",0,4
"lemminkainen",0,4
"loan",0,4
"loans",0,4
"manufacturers",0,4
"martela",0,4
"metal",0,4
"modern",0,4
"move",0,4
"newly",0,4
"nonwovens",0,4
"norwegian",0,4
"noted",0,4
"nov",0,4
"nyse",0,4
"offers",0,4
"offs",0,4
"okmetic",0,4
"online",0,4
"outokumpu",0,4
"park",0,4
"patients",0,4
"persons",0,4
"phase",0,4
"plate",0,4
"platform",0,4
"pleased",1,4
"power",0,4
"pre",0,4
"pretax",0,4
"previous",0,4
"printed",0,4
"produce",0,4
"propose",0,4
"proposed",0,4
"published",0,4
"q2",0,4
"raisio",0,4
"rapala",0,4
"rate",0,4
"received",0,4
"reduced",0,4
"region",0,4
"register",0,4
"return",0,4
"safety",1,4
"sampo",0,4
"satama",0,4
"scheduled",0,4
"science",0,4
"segment",0,4
"senior",0,4
"shipping",0,4
"site",0,4
"south",0,4
"southern",0,4
"special",1,4
"started",0,4
"statement",0,4
"stockholm",0,4
"store",0,4
"structure",0,4
"suomen",0,4
"suominen",0,4
"taxes",0,4
"technologies",0,4
"telecom",0,4
"telko",0,4
"terminal",0,4
"tikkurila",0,4
"tons",0,4
"tools",0,4
"traffic",0,4
"tyres",0,4
"uk",0,4
"united",1,4
"user",0,4
"voting",0,4
"wednesday",0,4
"wipes",0,4
"workers",0,4
"yit",0,4
"00",0,3
"1,000",0,3
"10,000",0,3
"11",0,3
"2.4",0,3
"2.7",0,3
"25mn",0,3
"29",0,3
"3.8",0,3
"35",0,3
"37",0,3
"4.0",0,3
"4.5",0,3
"5.2",0,3
"70",0,3
"75",0,3
"access",0,3
"accessories",0,3
"accounted",0,3
"accounting",0,3
"act",0,3
"action",0,3
"actual",1,3
"advanced",1,3
"æ",0,3
"ænnen",0,3
"agricultural",0,3
"aim",0,3
"air",0,3
"aker",0,3
"amer",0,3
"america",0,3
"amounts",0,3
"analyst",0,3
"analysts",0,3
"assets",1,3
"association",0,3
"authority",0,3
"awarded",1,3
"balanced",1,3
"begin",0,3
"benefon",0,3
"biggest",0,3
"biohit",0,3
"bp",0,3
"brand",0,3
"brands",0,3
"bring",0,3
"broad",0,3
"builds",0,3
"built",0,3
"cable",0,3
"calendar",0,3
"calls",0,3
"cars",0,3
"cartel",0,3
"chemicals",0,3
"citycon",0,3
"class",0,3
"closed",0,3
"coatings",0,3
"collection",0,3
"combining",0,3
"comments",0,3
"comprehensive",1,3
"computer",0,3
"concludes",0,3
"conducted",0,3
"consideration",1,3
"consistent",1,3
"consulting",0,3
"continued",0,3
"contracted",0,3
"corporate",0,3
"create",1,3
"cruise",0,3
"danske",0,3
"days",0,3
"declined",0,3
"dedicated",1,3
"deliveries",0,3
"department",0,3
"deployment",0,3
"deutsche",0,3
"difficult",-1,3
"digia",0,3
"disclose",0,3
"display",0,3
"dollars",0,3
"ebit",0,3
"elected",0,3
"electricity",0,3
"employee",0,3
"enable",0,3
"enabling",0,3
"enhance",1,3
"ensure",1,3
"environmentally",0,3
"equipped",0,3
"eur13",0,3
"eur3m",0,3
"eur7",0,3
"excess",0,3
"exel",0,3
"expanded",0,3
"expansion",0,3
"explained",0,3
"exports",0,3
"ferry",0,3
"fine",0,3
"fish",0,3
"fishing",0,3
"floor",0,3
"forestry",0,3
"fujitsu",0,3
"generated",1,3
"generation",0,3
"goal",0,3
"gross",-1,3
"h1",0,3
"heat",0,3
"hk",0,3
"home",0,3
"honkarakenne",0,3
"houses",0,3
"implement",0,3
"implemented",0,3
"increasingly",0,3
"independent",0,3
"infrastructure",0,3
"integration",0,3
"interior",0,3
"introduced",0,3
"investors",0,3
"involved",0,3
"italy",0,3
"ixonos",0,3
"job",0,3
"kauko",0,3
"konecranes",0,3
"laid",0,3
"late",0,3
"latvia",0,3
"launched",0,3
"leader",0,3
"level",0,3
"limited",-1,3
"lines",0,3
"located",0,3
"location",0,3
"locations",0,3
"lte",0,3
"machine",0,3
"manage",0,3
"managed",0,3
"manages",0,3
"marubeni",0,3
"means",0,3
"meat",0,3
"mhz",0,3
"model",0,3
"monday",0,3
"monthly",0,3
"named",0,3
"narrowed",0,3
"nasdaq",0,3
"national",0,3
"natural",0,3
"nokian",0,3
"offices",0,3
"offshore",0,3
"operate",0,3
"operational",0,3
"ore",0,3
"organization",0,3
"organizations",0,3
"outlets",0,3
"owner",0,3
"p.m",0,3
"parties",0,3
"partnership",1,3
"past",0,3
"pay",0,3
"payment",0,3
"peab",0,3
"pekka",0,3
"perfect",1,3
"positive",1,3
"producer",0,3
"producers",0,3
"producing",0,3
"profitability",0,3
"q1",0,3
"qualcomm",0,3
"rates",0,3
"raute",0,3
"raw",0,3
"readers",0,3
"reduce",0,3
"reduction",0,3
"regions",0,3
"remain",0,3
"remained",0,3
"remote",0,3
"representing",0,3
"research",0,3
"revenues",0,3
"review",0,3
"ruokatalo",0,3
"sami",0,3
"scandinavian",0,3
"scanfil",0,3
"scope",0,3
"serving",0,3
"sheet",0,3
"shopping",0,3
"similar",0,3
"simultaneously",0,3
"slightly",0,3
"staff",0,3
"statements",0,3
"stood",0,3
"stores",0,3
"study",0,3
"subject",0,3
"sum",0,3
"swung",0,3
"symbian",0,3
"sysopen",0,3
"talentum",1,3
"talvivaara",0,3
"tamglass",0,3
"technical",0,3
"technopolis",0,3
"tehtaat",0,3
"testing",0,3
"tests",0,3
"textile",0,3
"textiles",0,3
"thesis",0,3
"tietoenator",0,3
"trading",0,3
"training",0,3
"transferred",0,3
"treatment",0,3
"tuesday",0,3
"tulikivi",0,3
"turku",0,3
"turnkey",0,3
"ukraine",0,3
"undisclosed",0,3
"union",0,3
"uponor",0,3
"uranium",0,3
"usa",0,3
"utility",0,3
"vacon",0,3
"valued",0,3
"vantaa",0,3
"variety",0,3
"versions",0,3
"viking",0,3
"vmc",0,3
"voice",0,3
"volumes",0,3
"waste",-1,3
"wind",0,3
"yesterday",0,3
"_land",0,2
"0",0,2
"0.04",0,2
"0.08",0,2
"0.25",0,2
"0.33",0,2
"0.7",0,2
"0.8",0,2
"07",0,2
"1.0",0,2
"1.3",0,2
"1.9",0,2
"1023",0,2
"11.2",0,2
"11.4",0,2
"11.9",0,2
"117",0,2
"13",0,2
"135",0,2
"14.4",0,2
"15.4",0,2
"15.8",0,2
"16.5",0,2
"17",0,2
"1997",0,2
"2.6",0,2
"200,000",0,2
"2012",0,2
"2013",0,2
"20mn",0,2
"25.1",0,2
"27",0,2
"28",0,2
"3,000",0,2
"3.0",0,2
"3.1",0,2
"3.4",0,2
"3.5",0,2
"358",0,2
"4.7",0,2
"4.8",0,2
"40",0,2
"43",0,2
"45",0,2
"46",0,2
"5,000",0,2
"5.4",0,2
"5.5",0,2
"5.9",0,2
"6.3",0,2
"60",0,2
"90,211,860",0,2
"98",0,2
"a.m",0,2
"abp",0,2
"ac",0,2
"accountant",0,2
"accounts",0,2
"acg1v",0,2
"actions",0,2
"additional",0,2
"address",0,2
"adpnews",0,2
"advertising",0,2
"æinen",0,2
"ænekoski",0,2
"affairs",0,2
"affect",0,2
"affected",-1,2
"affectogenimap",0,2
"ag",0,2
"aggregate",0,2
"aimed",0,2
"aircraft",0,2
"aktia",0,2
"alfa",0,2
"alternative",0,2
"altima",0,2
"altogether",0,2
"american",0,2
"animal",0,2
"annually",0,2
"antibody",0,2
"approach",0,2
"approve",1,2
"approved",1,2
"arthritis",0,2
"ashley",0,2
"asian",0,2
"assigned",0,2
"authorisation",0,2
"average",0,2
"awards",1,2
"bags",0,2
"balance",1,2
"banking",0,2
"bed",0,2
"beer",0,2
"beijing",0,2
"benchmark",0,2
"benefits",1,2
"birch",0,2
"boards",0,2
"bodies",0,2
"bond",0,2
"btt",0,2
"build",0,2
"buildings",0,2
"bulletin",0,2
"bullying",-1,2
"buy",0,2
"buyer",0,2
"cad",0,2
"calcination",0,2
"calculated",0,2
"call",0,2
"cap",0,2
"capable",1,2
"carbon",0,2
"carrollton",0,2
"carry",0,2
"centre",0,2
"cents",0,2
"changed",0,2
"channels",0,2
"characteristics",0,2
"charging",0,2
"chartered",0,2
"chemical",0,2
"children",0,2
"circulating",0,2
"citigroup",0,2
"clarify",1,2
"clean",1,2
"client",0,2
"closing",0,2
"commission",0,2
"commitment",1,2
"compensation",1,2
"competitive",0,2
"competitors",0,2
"composite",0,2
"composites",0,2
"comprise",0,2
"comprising",0,2
"computers",0,2
"conduct",0,2
"conference",0,2
"conjunction",0,2
"consists",0,2
"continental",0,2
"continues",0,2
"contribute",0,2
"copper",0,2
"copying",0,2
"core",0,2
"court",0,2
"covered",0,2
"cu",0,2
"cut",0,2
"cutting",-1,2
"danish",0,2
"dean",0,2
"debenture",0,2
"decade",0,2
"decoration",1,2
"defense",0,2
"degerfors",0,2
"delivered",0,2
"denmark",0,2
"deposits",0,2
"deputy",0,2
"develop",0,2
"diagnostics",0,2
"diluted",0,2
"discuss",0,2
"distance",0,2
"distribute",0,2
"district",0,2
"divested",0,2
"divided",-1,2
"dopplr",0,2
"doses",0,2
"drives",0,2
"drop",0,2
"eastern",0,2
"ebitda",0,2
"economic",0,2
"eesti",0,2
"electric",0,2
"elevators",0,2
"email",0,2
"employer",0,2
"employment",0,2
"encourage",1,2
"engaged",0,2
"english",0,2
"entrepreneurs",0,2
"environment",0,2
"environmental",0,2
"establish",0,2
"estimate",0,2
"estimates",0,2
"ethanol",0,2
"eu",0,2
"eur1",0,2
"eur15",0,2
"eur160m",0,2
"eur2",0,2
"eur4",0,2
"eur6",0,2
"eur928",0,2
"excited",1,2
"executed",0,2
"exercise",0,2
"expands",0,2
"experience",0,2
"experts",1,2
"extended",0,2
"extension",0,2
"extensive",0,2
"extraction",0,2
"extraordinary",1,2
"fast",0,2
"favorite",1,2
"fertilizer",0,2
"fia1s",0,2
"field",0,2
"final",0,2
"financialwire",0,2
"fined",0,2
"fl",0,2
"float",0,2
"fluid",0,2
"focused",0,2
"follow",0,2
"force",0,2
"forecast",0,2
"foreign",0,2
"forward",1,2
"found",0,2
"foundation",0,2
"frame",0,2
"friendly",1,2
"ft",0,2
"ftse",0,2
"fun",1,2
"functions",0,2
"gas",0,2
"genuine",1,2
"german",0,2
"gla1v",0,2
"google",0,2
"grade",0,2
"grades",0,2
"gradually",0,2
"grapevine",0,2
"gruppen",0,2
"guidance",0,2
"gypsii",0,2
"hall",0,2
"handelsbanken",0,2
"hans",0,2
"happy",1,2
"healthy",1,2
"heating",0,2
"helasto",0,2
"highly",0,2
"history",0,2
"hold",0,2
"holiday",1,2
"hook",0,2
"hopes",1,2
"hosting",0,2
"hotel",0,2
"hour",0,2
"hungary",0,2
"icis",0,2
"ict",0,2
"id",0,2
"ilkka",0,2
"image",0,2
"immediately",0,2
"implementation",0,2
"improve",1,2
"inaugurated",1,2
"incap",0,2
"increases",0,2
"industries",0,2
"informed",0,2
"initial",0,2
"inked",0,2
"innova",0,2
"inspection",0,2
"institutions",0,2
"intel",0,2
"intellibis",0,2
"interactive",0,2
"interface",0,2
"inventor",0,2
"invoice",0,2
"ireland",-1,2
"ivrcl",0,2
"jan",0,2
"jarmo",0,2
"jobs",0,2
"john",0,2
"jussi",0,2
"jyvaskyla",0,2
"kallasvuo",0,2
"kari",0,2
"kaupthing",0,2
"kg",0,2
"kroons",0,2
"kymmene",0,2
"launching",0,2
"law",0,2
"laying",0,2
"layoffs",0,2
"lcc",0,2
"le",0,2
"leasing",0,2
"leave",0,2
"led",0,2
"leed",0,2
"lem1s",0,2
"lenders",0,2
"levels",0,2
"license",0,2
"licensing",0,2
"lifecycle",0,2
"lift",0,2
"lifted",0,2
"light",0,2
"lion",0,2
"liquid",0,2
"list",0,2
"litas",0,2
"liters",0,2
"lithuania",0,2
"live",0,2
"lkab",0,2
"ll",0,2
"load",0,2
"logistics",0,2
"losses",-1,2
"loudeac",0,2
"magnetite",0,2
"mail",0,2
"makers",0,2
"manavigator",0,2
"manufacture",0,2
"manufactured",0,2
"marcel",0,2
"maritime",0,2
"marketwatch",0,2
"matching",0,2
"matti",0,2
"measurement",0,2
"meego",0,2
"membership",0,2
"merging",0,2
"messaging",0,2
"metals",0,2
"meters",0,2
"metro",0,2
"metso",0,2
"mexico",0,2
"mg",0,2
"mika",0,2
"mills",0,2
"minerals",0,2
"mining",0,2
"ministry",0,2
"mmo1v",0,2
"models",0,2
"modular",0,2
"money",0,2
"morning",0,2
"morvillars",0,2
"multi",0,2
"museum",0,2
"navigation",0,2
"negative",-1,2
"negotiating",0,2
"netherlands",0,2
"networking",0,2
"newpage",0,2
"newspapers",0,2
"nickel",0,2
"nok",0,2
"nomination",0,2
"nordstjernan",0,2
"norway",0,2
"notably",1,2
"note",0,2
"objective",0,2
"observed",0,2
"oct",0,2
"offerings",0,2
"oko",0,2
"olli",0,2
"operator",0,2
"opportunity",1,2
"orange",0,2
"orion",0,2
"outcome",0,2
"output",0,2
"outsourcing",0,2
"overview",0,2
"ownership",0,2
"palm",0,2
"panostaja",0,2
"papers",0,2
"parkano",0,2
"participants",0,2
"participating",0,2
"patja",0,2
"pcb",0,2
"pcbs",0,2
"pda",0,2
"peeling",0,2
"pension",0,2
"perform",0,2
"personal",0,2
"pertti",0,2
"peter",0,2
"pharmacokinetic",0,2
"phases",0,2
"pilot",0,2
"plywood",0,2
"poh1s",0,2
"post",0,2
"posted",0,2
"precision",1,2
"premium",0,2
"prices",0,2
"printing",0,2
"prior",0,2
"proceeds",0,2
"procurement",0,2
"profile",0,2
"promise",0,2
"properties",0,2
"protection",1,2
"proud",1,2
"proved",0,2
"proven",0,2
"providing",1,2
"psoriasis",0,2
"publish",0,2
"publisher",0,2
"quickly",0,2
"ra",0,2
"raahe",0,2
"ragot",0,2
"ramirent",0,2
"rapid",0,2
"rautalinko",0,2
"rbff",0,2
"reached",0,2
"reading",0,2
"recently",0,2
"registered",0,2
"registration",0,2
"regular",0,2
"relations",0,2
"releases",0,2
"reliability",1,2
"remains",0,2
"remuneration",0,2
"repeated",0,2
"replacement",0,2
"reporters",0,2
"reports",0,2
"republic",0,2
"repurchase",0,2
"requirements",0,2
"reserves",0,2
"residential",0,2
"resources",1,2
"respondents",0,2
"restructuring",0,2
"resulted",0,2
"retailer",0,2
"returned",0,2
"rheumatoid",0,2
"rise",0,2
"rival",0,2
"roger",0,2
"role",0,2
"romania",0,2
"route",0,2
"rule",0,2
"running",0,2
"runs",0,2
"runway",0,2
"saint",1,2
"salo",0,2
"sanomat",0,2
"sap",-1,2
"savcor",0,2
"scale",0,2
"scanning",0,2
"screen",0,2
"se",0,2
"seas",0,2
"section",0,2
"segments",0,2
"selected",0,2
"sellers",0,2
"selling",0,2
"separate",0,2
"sepp",0,2
"served",0,2
"server",0,2
"shareholder",0,2
"sheets",0,2
"shimano",0,2
"ships",0,2
"shipyards",0,2
"shoe",0,2
"shrank",0,2
"sign",0,2
"signing",0,2
"silicon",0,2
"simmons",0,2
"singapore",0,2
"single",0,2
"sitra",0,2
"skiers",0,2
"slide",0,2
"slipped",0,2
"source",0,2
"spanning",0,2
"sparebank",0,2
"specialising",0,2
"specialist",1,2
"spin",0,2
"sport",0,2
"spring",0,2
"srv",0,2
"standard",0,2
"standards",0,2
"standing",0,2
"stated",0,2
"stations",0,2
"statutory",0,2
"sto",0,2
"stream",0,2
"streamline",0,2
"strengthens",1,2
"strike",0,2
"stronger",1,2
"strongly",0,2
"subscriptions",0,2
"subsidiaries",0,2
"succeed",1,2
"successfully",1,2
"suite",0,2
"summary",0,2
"suomi",0,2
"supplies",0,2
"supports",1,2
"surfaces",0,2
"sverige",0,2
"swedbank",0,2
"syndicated",0,2
"synergies",0,2
"tablet",0,2
"takeover",0,2
"taking",0,2
"talermo",0,2
"tampere",-1,2
"tap",0,2
"targeting",0,2
"tax",0,2
"tel",0,2
"ten",0,2
"tens",0,2
"terminals",0,2
"tires",0,2
"tlt1v",0,2
"tm",0,2
"told",0,2
"tolerated",1,2
"tool",0,2
"topical",0,2
"tortue",0,2
"totals",0,2
"touch",0,2
"track",0,2
"traded",0,2
"transactions",0,2
"transfer",0,2
"travel",0,2
"turkish",0,2
"types",0,2
"unchanged",0,2
"unique",1,2
"vaahto",0,2
"vdw",0,2
"vehicle",0,2
"veneer",0,2
"vessels",0,2
"viewed",0,2
"viii",0,2
"vodafone",0,2
"votes",0,2
"votorantim",0,2
"wafer",0,2
"walking",0,2
"warehouse",0,2
"warmly",1,2
"warning",-1,2
"warsaw",-1,2
"water",0,2
"waterqueen",0,2
"website",0,2
"week",0,2
"weeks",0,2
"west",0,2
"wet",0,2
"wholly",0,2
"wider",0,2
"workforce",0,2
"worldwide",0,2
"yara",0,2
"yards",0,2
"york",0,2
"yr",0,2
"_com",0,1
"_kersberga",0,1
"_ne",0,1
"0.0",0,1
"0.02",0,1
"0.1",0,1
"0.14",0,1
"0.15",0,1
"0.2",0,1
"0.20",0,1
"0.21",0,1
"0.26",0,1
"0.34",0,1
"0.36",0,1
"0.38",0,1
"0.4",0,1
"0.42",0,1
"0.47",0,1
"0.48",0,1
"0.50",0,1
"0.56",0,1
"0.62",0,1
"0.91",0,1
"0.92",0,1
"01",0,1
"03",0,1
"04.01.2006",0,1
"09",0,1
"09.30",0,1
"0941",0,1
"1,012,945.50",0,1
"1,097,000",0,1
"1,125.60",0,1
"1,408",0,1
"1,500",0,1
"1,553",0,1
"1,600",0,1
"1,629,000",0,1
"1,900",0,1
"1.02",0,1
"1.15",0,1
"1.24",0,1
"1.35",0,1
"1.4",0,1
"1.523",0,1
"1.6",0,1
"1.60",0,1
"1.7",0,1
"10,736.42",0,1
"10.00",0,1
"10.14",0,1
"10.30",0,1
"10.5",0,1
"100mn",0,1
"101.0",0,1
"102.6",0,1
"104",0,1
"105",0,1
"105.9",0,1
"107,600",0,1
"108.7",0,1
"10th",0,1
"11.01.2008",0,1
"11.07",0,1
"11.3",0,1
"11.33",0,1
"111.1",0,1
"112.4",0,1
"113,000",0,1
"114.40",0,1
"115,000",0,1
"12,800",0,1
"12,890,829",0,1
"12.03",0,1
"12.6",0,1
"120",0,1
"122.57",0,1
"125",0,1
"13.00",0,1
"13.02.2008",0,1
"13.1",0,1
"13.2",0,1
"13.40",0,1
"13.5",0,1
"13.6",0,1
"13.8",0,1
"133",0,1
"133.4",0,1
"134",0,1
"138.4",0,1
"14.0",0,1
"14.00",0,1
"14.9",0,1
"1411",0,1
"143.7",0,1
"145.1",0,1
"145.8",0,1
"146,000",0,1
"148.11",0,1
"15,000",0,1
"15.0",0,1
"15.1",0,1
"15.2",0,1
"15.45",0,1
"15.6",0,1
"15.9",0,1
"150",0,1
"150mn",0,1
"151.0",0,1
"152,000",0,1
"152.2",0,1
"155.2",0,1
"156.9",0,1
"158",0,1
"15mn",0,1
"16.1",0,1
"16.6",0,1
"16.8",0,1
"160.4",0,1
"160.7",0,1
"1649",0,1
"17.38",0,1
"17.5",0,1
"17.8",0,1
"170",0,1
"172",0,1
"179mn",0,1
"18.3",0,1
"18.6",0,1
"18.7",0,1
"18.70",0,1
"18.77",0,1
"1858",0,1
"188mn",0,1
"18th",0,1
"19.06.2007",0,1
"19.1",0,1
"19.28",0,1
"19.6",0,1
"19.9",0,1
"190,000",0,1
"191",0,1
"1910",0,1
"193.1",0,1
"1930s",0,1
"1944757",0,1
"1954",0,1
"1973",0,1
"1987",0,1
"1990s",0,1
"1998",0,1
"2,500",0,1
"2,518.67",0,1
"2.19",0,1
"2.20",0,1
"2.3",0,1
"2.36",0,1
"2.52",0,1
"2.768",0,1
"2.9",0,1
"2.916",0,1
"20,000",0,1
"20.1",0,1
"20.51",0,1
"20.7",0,1
"200",0,1
"2002",0,1
"201",0,1
"205",0,1
"205.5",0,1
"20m",0,1
"21.1",0,1
"21.2",0,1
"21.3",0,1
"21.46",0,1
"21.9",0,1
"2100",0,1
"21179",0,1
"215.03",0,1
"22,901,784.75",0,1
"22.1",0,1
"22.4",0,1
"22.6",0,1
"22.9",0,1
"220.5",0,1
"225",0,1
"225.9",0,1
"23,383,927.80",0,1
"23.0",0,1
"23.1",0,1
"23.2",0,1
"23.3",0,1
"23.5",0,1
"23002",0,1
"235",0,1
"24.51",0,1
"25.0",0,1
"25.4",0,1
"25.41",0,1
"250",0,1
"256",0,1
"26",0,1
"26,000",0,1
"26.2",0,1
"26.7",0,1
"26.8",0,1
"26.9",0,1
"2600",0,1
"262,000",0,1
"27,060",0,1
"270,000",0,1
"275,000",0,1
"28.02.2008",0,1
"28.9",0,1
"282,000",0,1
"29,000",0,1
"2bn",0,1
"2g",0,1
"2m",0,1
"3,150.55",0,1
"3,500",0,1
"3.2",0,1
"3.3",0,1
"3.7",0,1
"3.99",0,1
"30.3",0,1
"30.8",0,1
"300,00",0,1
"300,000",0,1
"300mn",0,1
"305.6",0,1
"307.8",0,1
"30mn",0,1
"31",0,1
"31.4",0,1
"318,000",0,1
"32.266",0,1
"328.6",0,1
"33.6",0,1
"33.8",0,1
"34,000",0,1
"34.53",0,1
"34.9",0,1
"340.4",0,1
"35.4",0,1
"35.8",0,1
"350",0,1
"350,000",0,1
"36",0,1
"36,780",0,1
"360",0,1
"361.1",0,1
"365",0,1
"37,7",0,1
"37.2",0,1
"38",0,1
"38,000",0,1
"38.1",0,1
"38.7",0,1
"385,000",0,1
"386",0,1
"388,000",0,1
"395,000",0,1
"3bn",0,1
"4,350",0,1
"4,711.19",0,1
"4.6",0,1
"4.85",0,1
"40,000",0,1
"400,000",0,1
"400,000,000",0,1
"415,000",0,1
"42",0,1
"42.6",0,1
"43.9",0,1
"43pc",0,1
"44.8",0,1
"45,031,513.80",0,1
"457.2",0,1
"45mn",0,1
"46.3",0,1
"47.5",0,1
"47.59",0,1
"470.0",0,1
"48",0,1
"49.9",0,1
"4g",0,1
"4mn",0,1
"5,700",0,1
"5.1",0,1
"5.3",0,1
"5.55",0,1
"50,000",0,1
"50,200",0,1
"50.4",0,1
"500",0,1
"500,000",0,1
"51",0,1
"51.2",0,1
"53",0,1
"530773",0,1
"54",0,1
"55",0,1
"55.3",0,1
"560",0,1
"57",0,1
"571.8",0,1
"575,000",0,1
"576.50",0,1
"579,000",0,1
"579.8",0,1
"6.06",0,1
"6.1",0,1
"6.4",0,1
"6.81",0,1
"60,000",0,1
"600",0,1
"600.3",0,1
"60mn",0,1
"61",0,1
"61.3",0,1
"612",0,1
"62,000",0,1
"63",0,1
"64,046,460",0,1
"640",0,1
"65",0,1
"65.3",0,1
"66.5",0,1
"6753",0,1
"686.5",0,1
"69.3",0,1
"696.4",0,1
"6m",0,1
"7,200",0,1
"7,801.7",0,1
"7,853,620",0,1
"7,854,608",0,1
"7,900",0,1
"7.0",0,1
"7.1",0,1
"7.26",0,1
"7.3",0,1
"7.4",0,1
"7.5",0,1
"7.7",0,1
"7.74",0,1
"7.8",0,1
"7.9",0,1
"70,000",0,1
"70,116",0,1
"700",0,1
"70mn",0,1
"710.3",0,1
"72.5",0,1
"720",0,1
"730mn",0,1
"74.3",0,1
"7400",0,1
"75,052,523",0,1
"75.3",0,1
"76",0,1
"77.4",0,1
"79,000",0,1
"8,256.02",0,1
"8.1",0,1
"8.2",0,1
"8.3",0,1
"8.4",0,1
"8.5",0,1
"8.65",0,1
"8.7",0,1
"8.9",0,1
"800",0,1
"8002",0,1
"81",0,1
"813.191",0,1
"82",0,1
"82.2",0,1
"82.7",0,1
"83",0,1
"845,000",0,1
"85,030",0,1
"85.1",0,1
"854m",0,1
"854mn",0,1
"877417",0,1
"89",0,1
"8mn",0,1
"9,526,089",0,1
"9,910",0,1
"9.00",0,1
"9.5",0,1
"9.7",0,1
"90",0,1
"90.19",0,1
"90.2",0,1
"900m",0,1
"91",0,1
"92",0,1
"94.4",0,1
"94.9",0,1
"95",0,1
"992.3",0,1
"a330",0,1
"aava",0,1
"abroad",0,1
"absorption",1,1
"abu",0,1
"acceptance",1,1
"accepted",1,1
"accessible",1,1
"accident",-1,1
"achieve",1,1
"acquires",0,1
"activity",0,1
"adak",0,1
"adapt",0,1
"add",0,1
"additionally",0,1
"adjust",0,1
"adjustment",0,1
"administered",0,1
"administrators",0,1
"admired",1,1
"admits",1,1
"adopted",1,1
"adr",0,1
"advance",1,1
"advisory",0,1
"æki",0,1
"æl",0,1
"ænen",0,1
"ænge",0,1
"aeronautic",0,1
"ærtsil",0,1
"ærvi",0,1
"afe1v",0,1
"affecting",0,1
"aforementioned",0,1
"africa",0,1
"african",0,1
"age",0,1
"agency",0,1
"agenda",0,1
"aggressively",-1,1
"agitators",-1,1
"agro",0,1
"ahead",0,1
"aho",0,1
"airbus",0,1
"airport",0,1
"airports",0,1
"akseli",0,1
"albat",0,1
"alberta",0,1
"alcohol",0,1
"aleksanterinkatu",0,1
"alike",0,1
"alleged",-1,1
"allocation",0,1
"allotted",0,1
"allowed",1,1
"alloy",0,1
"alloys",0,1
"allure",1,1
"alpine",0,1
"alternatives",0,1
"alumina",0,1
"amanda",0,1
"ameas",0,1
"analytics",0,1
"anchors",0,1
"andlinger",0,1
"anglers",0,1
"anne",0,1
"anneli",0,1
"answers",0,1
"antenna",0,1
"anticipated",0,1
"antniemi",0,1
"apac",0,1
"apartment",0,1
"apiece",0,1
"apollo",0,1
"apoteket",0,1
"app",0,1
"apparatus",0,1
"appeal",0,1
"appealing",0,1
"apple",0,1
"applicable",0,1
"applied",0,1
"apply",0,1
"appointment",0,1
"appointments",0,1
"approvals",1,1
"approx",0,1
"aptly",1,1
"arcelormittal",0,1
"argentine",0,1
"arokarhu",0,1
"arranging",0,1
"art1v",0,1
"artemyev",0,1
"articles",0,1
"artistic",1,1
"artists",0,1
"asa",0,1
"ascs",0,1
"asfaltti",0,1
"asimilar",0,1
"asm",0,1
"asphalt",0,1
"aspiring",1,1
"assessment",0,1
"assignment",0,1
"assist",1,1
"associates",0,1
"assurance",1,1
"asx",0,1
"atec",0,1
"atom",0,1
"attached",0,1
"attacks",-1,1
"attempt",0,1
"attention",0,1
"attract",1,1
"auditing",0,1
"auditors",0,1
"austria",0,1
"authorise",0,1
"authorization",0,1
"automobile",0,1
"autonomous",1,1
"av",0,1
"avalon",0,1
"avc",0,1
"avena",0,1
"avesta",0,1
"avi",0,1
"aviation",0,1
"avoid",-1,1
"awareness",1,1
"axes",-1,1
"baber",0,1
"babies",0,1
"backdrop",0,1
"backlog",-1,1
"backup",0,1
"badly",-1,1
"bahrain",0,1
"bakery",0,1
"baltics",0,1
"band",0,1
"bands",0,1
"bangalore",0,1
"bangkok",0,1
"barclays",0,1
"bargaining",0,1
"barum",0,1
"baseball",0,1
"bases",0,1
"basic",0,1
"bavaria",0,1
"bavelloni",0,1
"bawag",0,1
"bearing",0,1
"bedroom",0,1
"beers",0,1
"behalf",1,1
"beleaguered",-1,1
"belgium",0,1
"benefit",1,1
"bentos",0,1
"bergqvist",0,1
"bestseller",0,1
"beteiligungs",0,1
"bg",0,1
"bhushan",0,1
"bicentenary",0,1
"bid",0,1
"bigger",0,1
"bill",0,1
"billing",0,1
"bim",0,1
"biodiesel",0,1
"biographies",0,1
"bioheapleaching",0,1
"biomass",0,1
"biotie",0,1
"bitmapped",0,1
"bjorn",0,1
"black",0,1
"bln",0,1
"block",-1,1
"blocking",-1,1
"blog",0,1
"blond",0,1
"bloomberg",0,1
"blue",0,1
"bluebird",0,1
"bluegills",0,1
"bluewin",0,1
"boaters",0,1
"bockum",0,1
"body",0,1
"bofa",0,1
"bom",0,1
"book",0,1
"bookrunners",0,1
"boost",0,1
"boosting",0,1
"borl",0,1
"box",0,1
"bps",0,1
"branch",0,1
"branches",0,1
"brazilian",0,1
"bread",0,1
"brewer",0,1
"breweries",0,1
"bringing",0,1
"brings",0,1
"british",0,1
"broadcasters",0,1
"broader",0,1
"broker",0,1
"brokerage",0,1
"brokers",0,1
"browser",0,1
"browsing",0,1
"bruk",0,1
"brussels",0,1
"builders",0,1
"burdened",-1,1
"burgundy",0,1
"buying",0,1
"buys",0,1
"byline",0,1
"cabot",0,1
"cads",0,1
"calafate",0,1
"calciners",0,1
"calendered",0,1
"california",0,1
"called",0,1
"cameco",0,1
"campaign",0,1
"campaigns",0,1
"canada",0,1
"canceled",0,1
"cancellation",0,1
"cancers",-1,1
"capabilities",1,1
"capacitors",0,1
"capitex",0,1
"car",0,1
"cards",0,1
"career",0,1
"carpark",0,1
"carriers",0,1
"carries",0,1
"carrots",0,1
"castecka",0,1
"castle",0,1
"catch",0,1
"categories",0,1
"category",0,1
"cathode",0,1
"causing",0,1
"cbd",0,1
"cd",0,1
"cdli",0,1
"cdp",0,1
"cee",0,1
"cellular",0,1
"celulose",0,1
"centres",0,1
"ceramics",0,1
"certification",0,1
"certified",0,1
"cet",0,1
"cfo",0,1
"chairmanship",0,1
"challenges",-1,1
"challenging",-1,1
"chambersburg",0,1
"chance",0,1
"changing",0,1
"channel",0,1
"chassis",0,1
"cheaper",1,1
"chelyabinsk",0,1
"chennai",0,1
"chicago",0,1
"child",0,1
"chilled",-1,1
"chip",0,1
"chips",0,1
"chl",0,1
"chosen",0,1
"christmas",0,1
"chrome",0,1
"cido",0,1
"cinema",0,1
"circulation",0,1
"cities",0,1
"citymarket",0,1
"civil",1,1
"cjsc",0,1
"claims",0,1
"clamps",0,1
"clarity",0,1
"click",0,1
"climate",0,1
"climbed",0,1
"climber",0,1
"closure",0,1
"code",0,1
"coffee",0,1
"colleagues",1,1
"collect",0,1
"collective",0,1
"colors",0,1
"columbia",0,1
"combination",0,1
"combines",0,1
"coming",0,1
"comment",0,1
"commenting",0,1
"commercially",0,1
"commissioner",0,1
"commissioning",0,1
"commitments",1,1
"committed",0,1
"community",0,1
"comparable",0,1
"comparative",0,1
"comparatives",0,1
"compare",0,1
"comparison",0,1
"compatriot",0,1
"competence",1,1
"competency",1,1
"competitions",0,1
"competitiveness",0,1
"compiling",0,1
"complement",1,1
"complex",0,1
"component",0,1
"comprised",0,1
"compulsory",0,1
"comtex",0,1
"concentrating",0,1
"concluded",0,1
"concrete",0,1
"condition",0,1
"confident",1,1
"confirmed",1,1
"conglomerate",0,1
"connections",0,1
"connectivity",0,1
"consent",1,1
"considered",0,1
"considers",0,1
"consistency",1,1
"consolidate",1,1
"consolidation",1,1
"constitutes",0,1
"construct",1,1
"consultancy",0,1
"consultant",0,1
"contact",0,1
"container",0,1
"contempus",0,1
"contest",0,1
"continents",0,1
"continuing",0,1
"continuous",0,1
"contracting",0,1
"contrary",-1,1
"contrast",-1,1
"control",0,1
"controlled",0,1
"controlling",0,1
"convenience",0,1
"convenient",1,1
"converged",0,1
"conversations",0,1
"converted",0,1
"converter",0,1
"converting",0,1
"convinced",1,1
"cool",0,1
"cooperating",1,1
"cooperative",1,1
"copenhagen",1,1
"copy",0,1
"coq",0,1
"corners",0,1
"correlation",0,1
"correspond",0,1
"corresponds",0,1
"cosco",0,1
"council",0,1
"coupled",0,1
"courier",0,1
"cps",0,1
"cra1v",0,1
"crane",0,1
"created",1,1
"creating",1,1
"crisis",-1,1
"critical",-1,1
"criticising",-1,1
"crore",0,1
"cry",-1,1
"cs",0,1
"cultivation",1,1
"culture",0,1
"cup",0,1
"curfew",0,1
"curl",0,1
"currency",0,1
"custom",0,1
"customised",0,1
"dalborg",0,1
"damaged",-1,1
"dampened",0,1
"darts",0,1
"dave",0,1
"db",0,1
"dc",0,1
"dcuc",0,1
"dealer",0,1
"dealers",0,1
"deals",0,1
"decide",0,1
"decline",0,1
"deep",0,1
"deepwater",0,1
"deere",0,1
"delegation",0,1
"delhaize",0,1
"delhi",0,1
"delist",0,1
"delta",0,1
"demanding",0,1
"demonstrated",0,1
"demonstrates",0,1
"demonstrating",0,1
"demonstration",0,1
"departures",0,1
"depending",0,1
"deposit",0,1
"depositor",0,1
"depository",0,1
"depot",0,1
"depots",0,1
"depth",0,1
"designation",0,1
"desktop",0,1
"detail",0,1
"determined",1,1
"dhabi",0,1
"dialing",0,1
"difference",0,1
"differentiate",0,1
"digitally",0,1
"diligence",0,1
"dimensions",0,1
"dinosaurs",0,1
"dioxide",0,1
"diploma",0,1
"directed",0,1
"disagreement",-1,1
"disappeared",0,1
"discipline",0,1
"disclaims",-1,1
"disclosing",0,1
"disclosure",0,1
"discontinued",0,1
"discussed",0,1
"dismissal",-1,1
"dismissed",-1,1
"dissertations",0,1
"dissolve",0,1
"distinctly",0,1
"distributable",0,1
"distributed",0,1
"distributions",0,1
"divest",0,1
"divestment",0,1
"divisional",-1,1
"divisions",-1,1
"dnb",0,1
"docomo",0,1
"doctoral",0,1
"documentation",0,1
"dohle",0,1
"doktas",0,1
"dokumentori",0,1
"domain",0,1
"domestic",0,1
"dosing",0,1
"double",-1,1
"douglas",0,1
"downloading",0,1
"downtown",0,1
"dozens",0,1
"drafted",0,1
"dragged",-1,1
"dragonfly",0,1
"dramatic",0,1
"driven",0,1
"dropped",0,1
"drought",0,1
"drug",0,1
"dubai",0,1
"duckburg",0,1
"duration",0,1
"dutch",0,1
"dz",0,1
"e50",0,1
"e658",0,1
"e7",0,1
"eads",0,1
"earn",0,1
"earned",0,1
"easier",1,1
"east",0,1
"ecb",0,1
"economically",0,1
"editor",0,1
"editors",0,1
"effectiveness",1,1
"effort",1,1
"efforts",1,1
"efore",0,1
"eggs",0,1
"ehitus",0,1
"elect",0,1
"election",0,1
"electrical",0,1
"electrically",0,1
"electrification",0,1
"elektrobit",0,1
"elevator",0,1
"elimaki",0,1
"elisa",0,1
"elite",0,1
"eloholma",0,1
"elqav",0,1
"embroiled",0,1
"emerging",0,1
"emissions",0,1
"emmy",0,1
"employed",0,1
"empt",0,1
"empty",-1,1
"ems",0,1
"enclosed",0,1
"endustri",0,1
"engines",0,1
"enhances",1,1
"enterprises",0,1
"entreprenadmaskiner",0,1
"entry",0,1
"environments",0,1
"erkki",0,1
"eronen",0,1
"erp",0,1
"errors",-1,1
"ervi",0,1
"esa",0,1
"eseries",0,1
"esl",0,1
"essar",0,1
"establishes",0,1
"estimations",0,1
"estonian",0,1
"ethernet",0,1
"eucalyptus",0,1
"eur10",0,1
"eur1149",0,1
"eur12",0,1
"eur125",0,1
"eur131",0,1
"eur150m",0,1
"eur17",0,1
"eur17m",0,1
"eur201",0,1
"eur21m",0,1
"eur22",0,1
"eur25",0,1
"eur250m",0,1
"eur27m",0,1
"eur28",0,1
"eur2m",0,1
"eur30m",0,1
"eur313",0,1
"eur32",0,1
"eur33m",0,1
"eur39m",0,1
"eur400m",0,1
"eur416",0,1
"eur5",0,1
"eur53m",0,1
"eur55",0,1
"eur59m",0,1
"eur64",0,1
"eur655",0,1
"eur69",0,1
"eur70m",0,1
"eur732m",0,1
"eur75m",0,1
"eur8",0,1
"eur9",0,1
"euribor",0,1
"euro1",0,1
"euro13",0,1
"euro26",0,1
"euronext",0,1
"ev3",0,1
"evening",0,1
"events",0,1
"everest",0,1
"evidence",0,1
"examines",0,1
"excellence",1,1
"exclusive",0,1
"execution",0,1
"exempted",0,1
"exists",0,1
"exit",0,1
"expandable",0,1
"expenditure",0,1
"expenses",0,1
"expert",1,1
"expires",0,1
"explains",0,1
"explore",0,1
"export",0,1
"exported",0,1
"expressly",0,1
"extend",0,1
"extends",0,1
"extract",0,1
"eyes",0,1
"facing",0,1
"factors",0,1
"faculty",0,1
"failed",-1,1
"failure",-1,1
"fairly",0,1
"fallers",0,1
"falling",0,1
"fantastic",1,1
"farm",0,1
"fashion",0,1
"fat",0,1
"favor",0,1
"favorable",1,1
"favourable",1,1
"favourably",1,1
"features",0,1
"featuring",0,1
"federal",0,1
"federation",0,1
"feedback",0,1
"ferro",0,1
"fewer",0,1
"fh",0,1
"fight",-1,1
"figure",0,1
"figures",0,1
"file",0,1
"files",0,1
"filmiteollisuus",0,1
"fimentor",0,1
"finalize",0,1
"finalized",0,1
"finances",0,1
"finans",0,1
"findest",0,1
"finish",0,1
"finished",0,1
"finlan",0,1
"finnegans",0,1
"finnishness",0,1
"fireplaces",0,1
"firms",0,1
"fiscal",0,1
"fit",1,1
"fitness",1,1
"flag",0,1
"fleet",0,1
"flexi",0,1
"floorball",0,1
"floors",0,1
"focuses",0,1
"focusing",0,1
"foods",0,1
"foot",0,1
"ford",0,1
"forecasts",0,1
"forestal",0,1
"fork",0,1
"formed",0,1
"forssa",0,1
"forthcoming",0,1
"fortuna",0,1
"forums",0,1
"founded",0,1
"fragmented",0,1
"framework",0,1
"framing",0,1
"frank",1,1
"frankfurt",0,1
"fray",0,1
"frei",0,1
"freighters",0,1
"french",0,1
"fridays",0,1
"friend",1,1
"friends",1,1
"frost",0,1
"frozen",-1,1
"fuel",0,1
"fueled",0,1
"fulfil",0,1
"funded",0,1
"funding",0,1
"furniture",0,1
"g.o.l.d",0,1
"gain",0,1
"galerie",0,1
"galvan",0,1
"gama",0,1
"games",0,1
"garden",0,1
"garmin",0,1
"gasoline",0,1
"ge",0,1
"generate",1,1
"generates",1,1
"genesis",0,1
"geographical",0,1
"geosentric",0,1
"getinge",0,1
"giant",0,1
"gibtelecom",0,1
"gilchrist",0,1
"girders",0,1
"globally",0,1
"gmo",0,1
"gold",1,1
"goodwill",1,1
"gordon",0,1
"gotta",0,1
"governance",0,1
"gps",0,1
"grain",0,1
"gram",0,1
"grannan",0,1
"granted",0,1
"grants",0,1
"gray",0,1
"grid",0,1
"grounds",0,1
"grow",0,1
"growhow",0,1
"guides",0,1
"gulf",0,1
"gunneflo",0,1
"haakon",0,1
"haavisto",0,1
"hackers",-1,1
"hamina",0,1
"hand",0,1
"handheld",0,1
"handled",0,1
"handlers",0,1
"handsets",0,1
"hang",0,1
"hanna",0,1
"hardware",0,1
"has80",0,1
"hasten",0,1
"haug",0,1
"hdi",0,1
"headboxes",0,1
"headed",0,1
"healthcare",0,1
"hear",0,1
"hearing",0,1
"hearst",0,1
"heart",0,1
"heathrow",0,1
"heavily",-1,1
"hectare",0,1
"heikki",0,1
"heir",0,1
"helokunnas",0,1
"helsingin",0,1
"henry",0,1
"highlights",0,1
"hiidenheimo",0,1
"hilton",0,1
"hintze",0,1
"historic",0,1
"hit",0,1
"hobby",0,1
"holders",0,1
"holdings",0,1
"holmen",0,1
"homes",0,1
"honka",0,1
"honkajoki",0,1
"hope",1,1
"hospitals",0,1
"hot",0,1
"hotels",0,1
"hours",0,1
"households",0,1
"housing",0,1
"hspa",0,1
"huge",0,1
"huhtamaki",0,1
"human",0,1
"hundred",0,1
"hunting",0,1
"hutchison",0,1
"ibm",0,1
"icelandair",0,1
"icy",-1,1
"ideal",1,1
"ideas",0,1
"identical",0,1
"identified",0,1
"identify",0,1
"identifying",0,1
"ifrs",0,1
"igen3",0,1
"iggesunds",0,1
"ignatius",0,1
"igor",0,1
"ii",0,1
"illustration",0,1
"illustrators",0,1
"ils",0,1
"imalat",0,1
"impacted",0,1
"implementing",0,1
"import",0,1
"importance",0,1
"imported",0,1
"impress",1,1
"improvements",1,1
"improving",1,1
"inch",0,1
"inconsistent",-1,1
"incorporate",0,1
"inculding",0,1
"indital",0,1
"individual",0,1
"indosat",0,1
"industrialisation",0,1
"industrialization",0,1
"industriekapital",0,1
"inflation",0,1
"influence",0,1
"infra",0,1
"ingen",0,1
"initially",0,1
"initiated",0,1
"inkinen",0,1
"innovation",1,1
"insight",0,1
"insights",0,1
"installed",0,1
"installment",0,1
"instrument",0,1
"integrate",0,1
"intelligence",1,1
"intellisync",0,1
"intends",0,1
"intensive",0,1
"interchange",0,1
"interim",0,1
"internal",0,1
"internationalizing",0,1
"interoperability",0,1
"intertek",0,1
"introduce",0,1
"invenergy",0,1
"invested",0,1
"investigators",0,1
"investing",0,1
"invite",1,1
"involve",0,1
"ipad",0,1
"iphone",0,1
"ipods",0,1
"iptv",0,1
"ipv6",0,1
"iron",0,1
"irrevocable",0,1
"irrevocably",0,1
"isk",0,1
"isms",0,1
"issuance",0,1
"italahdenkatu",0,1
"italian",0,1
"iterating",0,1
"itikka",0,1
"itkonen",0,1
"itunes",0,1
"j.t",0,1
"janhonen",0,1
"japanese",0,1
"japrotek",0,1
"jarle",0,1
"jaroszowka",0,1
"jens",0,1
"joins",0,1
"jointly",0,1
"jortikka",0,1
"journalism",0,1
"journalistic",0,1
"journey",0,1
"jpm",0,1
"jpmorgan",0,1
"jsc",0,1
"juergen",0,1
"juha",0,1
"juhani",0,1
"jukka",0,1
"jun",0,1
"justly",0,1
"jv",0,1
"kai",0,1
"kalajoki",0,1
"kalmar",0,1
"kansa",0,1
"kansas",0,1
"karachi",0,1
"karara",0,1
"karppinen",0,1
"kauhava",0,1
"kazakh",0,1
"kci",0,1
"kcr1v",0,1
"kd",0,1
"kemijoki",0,1
"kennedy",0,1
"kermansavi",0,1
"kershaw",0,1
"keskinen",0,1
"keyboard",0,1
"khanty",0,1
"kia",0,1
"kimmo",0,1
"kiruna",0,1
"kolkata",0,1
"korea",0,1
"korhonen",0,1
"korpinen",0,1
"korteniemi",0,1
"kpi",0,1
"kra1v",0,1
"kraft",0,1
"krister",0,1
"kroner",0,1
"kurt",0,1
"kuzaj",0,1
"kylas",0,1
"kymi",0,1
"kyroskoski",0,1
"laasanen",0,1
"labor",0,1
"laboratory",0,1
"labs",0,1
"ladle",0,1
"lagardere",0,1
"laguardia",0,1
"lahti",0,1
"lahtinen",0,1
"lakeville",0,1
"lan2lan",0,1
"land",0,1
"landed",0,1
"lansio",0,1
"lapin",0,1
"lassi",0,1
"lassila",0,1
"leaders",0,1
"leak",-1,1
"leaseback",0,1
"leaving",0,1
"left",0,1
"legal",0,1
"lehdentekijat",0,1
"leif",0,1
"leipurin",0,1
"lember",0,1
"lemcon",0,1
"lemmink",0,1
"lending",0,1
"lennart",0,1
"lennon",0,1
"lesprom",0,1
"lewa",0,1
"liability",-1,1
"liechtenstein",0,1
"lifetime",0,1
"lifting",0,1
"lightning",0,1
"lights",0,1
"lihakunta",0,1
"limits",-1,1
"linden",0,1
"lindex",0,1
"linked",0,1
"links",0,1
"liquide",0,1
"liquids",0,1
"lived",0,1
"llc",0,1
"locally",0,1
"locator",0,1
"lodged",0,1
"log",0,1
"logging",0,1
"logs",0,1
"lonnfors",0,1
"losing",-1,1
"lost",-1,1
"lot",0,1
"lots",0,1
"love",1,1
"loviisa",0,1
"loyal",1,1
"loyalty",1,1
"lr",0,1
"ls",0,1
"lubricants",0,1
"luceplan",0,1
"lukkoexpert",0,1
"lulea",0,1
"lunch",0,1
"lure",-1,1
"lures",-1,1
"luxury",1,1
"lxe",0,1
"lye",0,1
"lynch",-1,1
"m2",0,1
"maaseudun",0,1
"macgregor",0,1
"macintosh",0,1
"madison",0,1
"maemo",0,1
"magazines",0,1
"maine",0,1
"mainz",0,1
"majority",0,1
"makeover",0,1
"malaysians",0,1
"mall",0,1
"managers",0,1
"manchester",0,1
"manganese",0,1
"mansi",0,1
"map",0,1
"mar",-1,1
"marek",0,1
"marina",0,1
"marine",0,1
"marjo",0,1
"mark",0,1
"marketplace",0,1
"marks",0,1
"marski",0,1
"martin",0,1
"maruti",0,1
"maruy",0,1
"master",0,1
"masterbulk",0,1
"matador",0,1
"materialise",0,1
"matter",0,1
"matters",0,1
"mattila",0,1
"maturing",1,1
"mce",0,1
"mda",0,1
"meadville",0,1
"meats",0,1
"mechanical",0,1
"mechanics",0,1
"medium",0,1
"medvezhyegorsk",0,1
"meet",0,1
"meetings",0,1
"megabytes",0,1
"megafon",0,1
"megawatt",0,1
"megawatts",0,1
"meltdown",0,1
"memory",0,1
"mentioned",0,1
"meo1v",0,1
"mercator",0,1
"merchandise",0,1
"merchant",0,1
"merge",0,1
"merged",0,1
"merger",0,1
"mergers",0,1
"merisatama",0,1
"merrill",1,1
"messages",0,1
"met",0,1
"metric",0,1
"meur",0,1
"mezzanine",0,1
"mformation",0,1
"michael",0,1
"micro",0,1
"middle",0,1
"midnighttrader",0,1
"mids",0,1
"mikko",0,1
"mikkonen",0,1
"millimetres",0,1
"millions",0,1
"mind",0,1
"mine",0,1
"minor",0,1
"mississippi",0,1
"mistake",-1,1
"mixed",0,1
"ml",0,1
"mline",0,1
"mobility",0,1
"modeling",0,1
"modelling",0,1
"modems",0,1
"mohammed",0,1
"molub",0,1
"molybdenum",0,1
"moment",0,1
"monopoly",0,1
"monster",-1,1
"montaj",0,1
"moran",0,1
"moron",-1,1
"mortgages",0,1
"moscow",0,1
"motorola",0,1
"mount",0,1
"moventas",0,1
"moves",0,1
"ms",0,1
"mso",0,1
"multilingual",0,1
"multiple",0,1
"multiradio",0,1
"multistorey",0,1
"munich",0,1
"municipalities",0,1
"mutual",0,1
"mw",0,1
"myspace.com",0,1
"n.h",0,1
"n.v",0,1
"n.y",0,1
"n't",0,1
"n8",0,1
"names",0,1
"nastola",-1,1
"nations",0,1
"nationwide",0,1
"natlabs",0,1
"naturally",0,1
"navigator",0,1
"navteq",0,1
"nearby",0,1
"negotiation",0,1
"netcom",0,1
"nevada",0,1
"newark",0,1
"newcomer",0,1
"newcomers",0,1
"niiininoski",0,1
"nikkei",0,1
"nikkiso",0,1
"nissan",0,1
"nitrates",0,1
"nitrogen",0,1
"noa1v",0,1
"noncore",0,1
"noop",0,1
"noora",0,1
"noponen",0,1
"normandy",0,1
"northwest",0,1
"northwestern",0,1
"notes",0,1
"notice",0,1
"notification",0,1
"novator",0,1
"nsn",0,1
"nsr",0,1
"ntsb",0,1
"ntt",0,1
"nuclear",0,1
"nurseries",0,1
"oasis",0,1
"objectively",0,1
"oblast",0,1
"obligated",0,1
"oborniki",0,1
"obtained",1,1
"occupy",0,1
"occurred",0,1
"occurring",0,1
"offenburg",0,1
"offered",0,1
"officer",0,1
"official",0,1
"officials",0,1
"offset",0,1
"okm1v",0,1
"olavi",0,1
"oleg",0,1
"olvi",0,1
"olympic",0,1
"onboard",0,1
"onemed",0,1
"operated",0,1
"operation",0,1
"opinion",0,1
"opinions",0,1
"opna",0,1
"opportunities",1,1
"optimization",1,1
"optionally",0,1
"oral",0,1
"oras",0,1
"ordinate",0,1
"organic",1,1
"organize",0,1
"oriental",0,1
"origin",0,1
"original",0,1
"originally",0,1
"originated",0,1
"oriola",0,1
"ornamental",0,1
"ornav",0,1
"osaka",0,1
"osakeyhti",0,1
"oscar",0,1
"osl",0,1
"oslo",0,1
"oss",0,1
"ostrava",0,1
"osuuskunta",0,1
"otis",0,1
"otto",0,1
"oulu",0,1
"outstanding",1,1
"overlaid",0,1
"ovi",0,1
"owing",0,1
"owns",0,1
"oxygen",0,1
"package",0,1
"pages",0,1
"paikallissanomat",0,1
"paints",0,1
"paivaniemi",0,1
"panel",0,1
"panfish",0,1
"pankki",0,1
"papel",0,1
"paperboard",0,1
"par",0,1
"parallel",0,1
"parchment",0,1
"parent",0,1
"paris",0,1
"partnering",1,1
"passed",0,1
"passengers",0,1
"patented",0,1
"patents",0,1
"patterns",0,1
"paulig",0,1
"payments",0,1
"payphones",0,1
"pc",0,1
"pcmag.com",0,1
"pearl",0,1
"pellet",0,1
"pellissier",0,1
"peltola",0,1
"pending",0,1
"pensionable",0,1
"pensions",0,1
"percentage",0,1
"periods",0,1
"perlos",0,1
"permanent",0,1
"pervorouralsky",0,1
"peterson",0,1
"pharmaceuticals",0,1
"pharmacy",0,1
"philadelphia",0,1
"photonium",0,1
"picked",0,1
"pietarsaari",0,1
"pine",0,1
"pioneer",0,1
"pipeline",0,1
"pipettors",0,1
"pirila",0,1
"pirkka",0,1
"pitching",0,1
"plains",0,1
"plasterboard",0,1
"plastic",0,1
"plastics",0,1
"plates",0,1
"platts",0,1
"player",0,1
"plot",0,1
"plots",0,1
"plumbing",0,1
"pntz",0,1
"pohjolan",0,1
"pole",0,1
"poles",0,1
"polish",1,1
"politicians",0,1
"pollex",0,1
"polytechnics",0,1
"ponsse",0,1
"pool",0,1
"poor",-1,1
"populated",0,1
"pori",0,1
"portable",1,1
"portal",0,1
"portsmouth",0,1
"portugal",0,1
"porvoo",0,1
"poser",0,1
"positioning",0,1
"postimees",0,1
"potato",0,1
"potentially",0,1
"poultry",0,1
"pounds",0,1
"powder",0,1
"practices",0,1
"praised",1,1
"preceding",0,1
"prefab",0,1
"preference",1,1
"preliminary",0,1
"premises",0,1
"prepaid",0,1
"prepared",0,1
"prepares",0,1
"presentation",0,1
"presentations",0,1
"pressed",0,1
"pressplate",0,1
"prevailing",0,1
"prevention",0,1
"pricier",0,1
"priit",0,1
"primarily",0,1
"principal",1,1
"print",0,1
"priority",0,1
"pro",0,1
"procedure",0,1
"procedures",0,1
"proceeded",0,1
"processes",0,1
"processor",0,1
"productivity",0,1
"professional",0,1
"profiles",0,1
"profiling",0,1
"profits",0,1
"programs",0,1
"progress",1,1
"proha",0,1
"prohibited",-1,1
"prohouse",0,1
"projected",0,1
"proline",0,1
"promising",0,1
"promote",0,1
"promoting",0,1
"promotion",0,1
"proposal",0,1
"proposals",0,1
"proposes",0,1
"proprietary",0,1
"prosecutor",0,1
"prospects",0,1
"protect",1,1
"protein",0,1
"prove",0,1
"providers",0,1
"provision",0,1
"publishes",0,1
"puljonki",0,1
"pulkovo",0,1
"pulpwood",0,1
"pump",0,1
"purchased",0,1
"purchases",0,1
"purpose",0,1
"purposes",0,1
"pursues",0,1
"pursuing",0,1
"push",0,1
"pvt",0,1
"q3",0,1
"qpr",0,1
"quadriga",0,1
"quarto",0,1
"questions",0,1
"quote",0,1
"quoted",0,1
"rabobank",0,1
"radiation",0,1
"radio",0,1
"radomes",0,1
"raha",0,1
"raiffeisen",0,1
"raised",0,1
"rank",0,1
"ranked",0,1
"ranks",0,1
"rapidly",0,1
"rating",0,1
"ratings",0,1
"ratio",0,1
"rautaruukki",0,1
"reach",0,1
"readership",0,1
"ready",1,1
"realized",0,1
"rebates",0,1
"rebound",0,1
"rebounding",0,1
"receive",0,1
"receives",0,1
"recent",0,1
"recentlyvia",0,1
"recognized",0,1
"recorded",0,1
"recover",1,1
"recovered",1,1
"recovery",1,1
"recruit",0,1
"recycle",0,1
"recycled",0,1
"recycling",0,1
"redevelopment",0,1
"redistribution",0,1
"redundancy",-1,1
"reels",0,1
"refinancing",0,1
"refinery",0,1
"refining",0,1
"reflected",0,1
"refurbish",0,1
"refurbishment",0,1
"refuted",0,1
"registers",0,1
"regulatory",0,1
"rehu",0,1
"reinforce",1,1
"reiterates",0,1
"relacom",0,1
"relating",0,1
"relationships",0,1
"relative",0,1
"released",0,1
"reliable",1,1
"relocated",0,1
"relocation",0,1
"remainder",0,1
"remarked",0,1
"removable",0,1
"renewal",0,1
"renewed",0,1
"renewing",0,1
"rentakran",0,1
"reorganisation",0,1
"reorganisations",0,1
"reorganizing",0,1
"repayment",0,1
"repeals",-1,1
"repeating",0,1
"replace",0,1
"replaced",0,1
"reportedly",0,1
"representation",0,1
"representative",0,1
"represented",0,1
"represents",0,1
"republication",0,1
"repurchases",0,1
"request",0,1
"required",0,1
"reserved",0,1
"resettlement",0,1
"residence",0,1
"residues",0,1
"resignation",-1,1
"resigned",-1,1
"resource",0,1
"respective",0,1
"respiratory",0,1
"response",0,1
"responsibility",1,1
"resposnible",0,1
"rest",0,1
"restaurant",0,1
"resulting",0,1
"retailed",0,1
"retailers",0,1
"retained",0,1
"retaining",0,1
"revealed",0,1
"revise",0,1
"rhine",0,1
"rifd",0,1
"rigid",-1,1
"riihim",0,1
"risto",0,1
"rivals",0,1
"river",0,1
"rk",0,1
"rmb8",0,1
"road",0,1
"roadway",0,1
"robust",1,1
"rocketed",0,1
"rod",0,1
"rods",0,1
"rosa",0,1
"rosen",0,1
"rosenlew",0,1
"roshan",0,1
"routes",0,1
"roving",0,1
"royalties",0,1
"royalty",0,1
"rpm",0,1
"rs",0,1
"rubles",0,1
"runner",0,1
"rush",0,1
"rutav",0,1
"s60",0,1
"saarinen",0,1
"saavalainen",0,1
"safran",0,1
"sailed",0,1
"salary",0,1
"salcomp",0,1
"salmi",0,1
"salminen",0,1
"salomon",0,1
"samas",0,1
"sandwich",0,1
"sankey",0,1
"sanna",0,1
"sanomawsoy",0,1
"sappi",-1,1
"satlan",0,1
"sauk",0,1
"sbgrp",0,1
"scan",0,1
"scandic",0,1
"scanned",0,1
"scene",0,1
"scheck",0,1
"scheme",0,1
"schindler",0,1
"schools",0,1
"schuldschein",0,1
"schulte",0,1
"scissors",0,1
"scrap",-1,1
"sealed",0,1
"searched",0,1
"searching",0,1
"seb",0,1
"secondary",0,1
"sections",0,1
"sectors",0,1
"secured",1,1
"securities",0,1
"seek",0,1
"seeking",0,1
"sehk",0,1
"sel",0,1
"selections",0,1
"seminar",0,1
"seng",0,1
"sense",1,1
"sensor",0,1
"sentera",0,1
"sepa",0,1
"separated",0,1
"seppala",0,1
"sept",0,1
"serbia",0,1
"series",0,1
"servers",0,1
"serves",0,1
"servis",0,1
"ses",0,1
"sessions",0,1
"setting",0,1
"settlement",0,1
"sft1v",0,1
"shane",0,1
"shanghai",0,1
"shared",0,1
"shareholdings",0,1
"sharp",0,1
"shb",0,1
"shdsl",0,1
"shenzhen",0,1
"shipbuilder",0,1
"shock",-1,1
"shop",0,1
"shot",0,1
"sievi",0,1
"sight",0,1
"significantly",0,1
"sihvo",0,1
"simonsen",0,1
"simplify",1,1
"simulating",0,1
"singaporean",0,1
"sister",0,1
"sites",0,1
"sizable",0,1
"size",0,1
"sizes",0,1
"sizing",0,1
"sk",0,1
"skaarer",0,1
"skandinavian",0,1
"skiing",0,1
"slashed",0,1
"slaughterhouse",-1,1
"slid",0,1
"slot",0,1
"slovak",0,1
"slowing",0,1
"smart",1,1
"smartphone",1,1
"smartphones",1,1
"smelter",0,1
"smoking",0,1
"snapshot",0,1
"sneed",0,1
"snow",0,1
"soapstone",0,1
"soft",0,1
"softball",0,1
"sokopro",0,1
"sole",0,1
"solid",0,1
"sophisticated",1,1
"sotkamo",0,1
"sound",1,1
"sources",0,1
"southeastern",0,1
"spaces",0,1
"spain",0,1
"sparks",0,1
"sparsely",0,1
"speaker",0,1
"specialises",0,1
"speciality",0,1
"specialization",0,1
"specialty",0,1
"specifically",0,1
"speculative",0,1
"speeded",0,1
"spend",0,1
"spent",0,1
"spokeswoman",0,1
"sponsoring",0,1
"sponsorship",0,1
"spread",0,1
"spyware",0,1
"ssh",0,1
"stackers",0,1
"stadtverwaltung",0,1
"stage",0,1
"stages",0,1
"stahlberg",0,1
"stainless",0,1
"stamps",0,1
"star",0,1
"stars",0,1
"statistics",0,1
"status",0,1
"stay",0,1
"steelmaker",0,1
"stemming",0,1
"steps",0,1
"stereotyping",0,1
"sterling",0,1
"stewart",0,1
"sticks",0,1
"stocks",0,1
"stole",-1,1
"stonegate",0,1
"stopped",0,1
"storage",0,1
"story",0,1
"stoves",0,1
"straight",0,1
"streamlining",0,1
"strengthening",1,1
"stricter",-1,1
"strips",0,1
"structural",0,1
"struggling",-1,1
"students",0,1
"studying",0,1
"stuk",0,1
"stuttgart",0,1
"stx",0,1
"style",0,1
"stylised",0,1
"subcontract",0,1
"subcontractor",0,1
"subcontractors",0,1
"submissions",0,1
"subordinated",0,1
"subscribe",0,1
"subscription",0,1
"substantially",0,1
"substations",0,1
"suction",0,1
"suffering",-1,1
"sufficient",1,1
"suitable",1,1
"summed",0,1
"summit",0,1
"sundays",0,1
"super",1,1
"supermarkets",0,1
"supervisor",0,1
"suppliers",0,1
"supported",1,1
"supporting",1,1
"surface",0,1
"surfeit",0,1
"surfing",0,1
"surged",0,1
"survey",0,1
"suspect",-1,1
"suspected",-1,1
"sustainability",1,1
"suv",0,1
"svenska",0,1
"svensson",0,1
"sveza",0,1
"svp",0,1
"swaps",0,1
"swing",0,1
"switch",0,1
"switzerland",0,1
"swoope",0,1
"symphony",1,1
"syndication",0,1
"synergy",0,1
"systemhaus",0,1
"tackle",0,1
"tafks",0,1
"tahdet",0,1
"tailor",0,1
"taiwan",0,1
"takes",0,1
"takoma",0,1
"talk",0,1
"talks",0,1
"tallinn",0,1
"talo",0,1
"taloustutkimus",0,1
"tameer",0,1
"tamfelt",0,1
"tanks",0,1
"tapped",0,1
"targeted",0,1
"targets",0,1
"tarmo",0,1
"teamed",0,1
"teaming",0,1
"tec1v",0,1
"tech",0,1
"technologically",0,1
"technopark",0,1
"tecnomen",0,1
"tecnopolis",0,1
"tectia",0,1
"teenagers",0,1
"telanne",0,1
"telco",0,1
"telecominvest",0,1
"telenor",0,1
"telia",0,1
"temporarily",0,1
"tender",1,1
"tenth",0,1
"termination",0,1
"terminator",0,1
"territories",0,1
"tesisleri",0,1
"teterboro",0,1
"texas",0,1
"tgk",0,1
"thegps",0,1
"thelatest",0,1
"therapies",0,1
"theses",0,1
"thinner",0,1
"thomson",0,1
"thursdays",0,1
"thyssenkrupp",0,1
"tie",0,1
"tieto",0,1
"tightened",0,1
"tiimari",0,1
"tik1v",0,1
"tikanoja",0,1
"tiled",0,1
"till",0,1
"tim",0,1
"timeless",0,1
"tip",0,1
"tkk",0,1
"tlv1v",0,1
"tn",0,1
"tobacco",0,1
"tomatoes",0,1
"ton",0,1
"toolonlahti",0,1
"tornio",-1,1
"tornstrom",-1,1
"totaling",0,1
"tough",-1,1
"tougher",-1,1
"tower",0,1
"trace",0,1
"tracking",0,1
"trademark",0,1
"trades",0,1
"traditional",0,1
"traditions",0,1
"trains",0,1
"transferable",0,1
"transferring",0,1
"travellers",0,1
"treat",0,1
"treats",0,1
"trend",0,1
"trends",0,1
"trial",0,1
"trim",0,1
"trojan",0,1
"trouble",-1,1
"truck",0,1
"trucks",0,1
"tse",0,1
"tube",0,1
"tubes",0,1
"tuija",0,1
"tulevaisuus",0,1
"tulonen",0,1
"tuomas",0,1
"turbo",0,1
"turkey",0,1
"turun",0,1
"tusa",0,1
"tutkimuksen",0,1
"tv",0,1
"tvs",0,1
"twelve",0,1
"twig",0,1
"tyo",0,1
"type",0,1
"tyrv",0,1
"tyumen",0,1
"ugglarp",0,1
"ultra",0,1
"unaudited",0,1
"uncertainty",-1,1
"uncommonly",0,1
"underground",0,1
"understanding",1,1
"undertakings",0,1
"underwent",0,1
"unified",0,1
"uniglass",0,1
"unite",1,1
"universities",0,1
"university",0,1
"unlike",0,1
"unnamed",0,1
"unquoted",0,1
"unsecured",0,1
"unveil",0,1
"unveils",0,1
"update",0,1
"updates",0,1
"upfront",0,1
"upgrade",1,1
"upgraded",1,1
"upgrading",0,1
"uplift",1,1
"usd213m",0,1
"usd332m",0,1
"ustjug",0,1
"utilisation",0,1
"utilizing",0,1
"uusimaki",0,1
"uutislehti",0,1
"vac1v",0,1
"vahur",0,1
"vaisala",0,1
"validation",1,1
"valuation",0,1
"valve",0,1
"varesvuo",0,1
"varkaus",0,1
"vcp",0,1
"ve",0,1
"vehicles",0,1
"veil",-1,1
"veli",0,1
"veliky",0,1
"vendor",0,1
"ventures",0,1
"verifying",0,1
"vga",0,1
"viable",1,1
"vibe",0,1
"vietnam",0,1
"viewing",0,1
"viisas",0,1
"viitasaari",0,1
"viruses",0,1
"viscaria",0,1
"visit",0,1
"visitors",0,1
"visual",0,1
"vitim",0,1
"vivid",1,1
"vocal",0,1
"voip",0,1
"vologda",0,1
"vorota",0,1
"vote",0,1
"vp",0,1
"vuolteenaho",0,1
"wafers",0,1
"wahlroos",0,1
"walden",0,1
"walter",0,1
"warehousing",0,1
"warnings",-1,1
"washington",0,1
"watch",0,1
"waterborne",0,1
"wcdma",0,1
"weak",-1,1
"weakness",-1,1
"webcast",0,1
"weckstr",0,1
"weekly",0,1
"weighing",0,1
"weight",0,1
"westphalia",0,1
"white",0,1
"wholesaler",0,1
"wide",0,1
"willich",0,1
"wimax",0,1
"win",1,1
"winded",0,1
"window",0,1
"windows",0,1
"winner",1,1
"winning",1,1
"wins",1,1
"winter",0,1
"wire",0,1
"wireless",0,1
"wirsam",0,1
"wise",1,1
"withviking",0,1
"wooden",0,1
"write",0,1
"written",0,1
"wt4090",0,1
"wtc",0,1
"www.cargotec.com",0,1
"www.componenta.com",0,1
"www.icis.com",0,1
"www.sanoma.com",0,1
"www.stockmann.com",0,1
"wysockiego",0,1
"x20ac",0,1
"xerox",0,1
"xfn",0,1
"yahoo",0,1
"yankov",0,1
"yhteishyv",0,1
"yield",0,1
"yliopistonrinne",0,1
"ylivieska",0,1
"z6xx",0,1
"zain",0,1
"zainalabedin",0,1
"zanadvorov",0,1
"zao",0,1
"zapadnye",0,1
"zgody",0,1
"zinc",0,1
"zone",0,1
