"token","afinn","n"
"rt",1,452
"gopdebate",1,233
"t.co",1,156
"http",1,129
"trump",1,108
"gopdebates",1,96
"debate",1,54
"realdonaldtrump",1,53
"megynkelly",1,44
"gop",1,42
"night",1,39
"donald",1,38
"foxnews",1,35
"amp",1,34
"candidates",1,31
"people",1,29
"https",1,27
"night's",1,24
"carson",1,23
"god",1,23
"question",1,23
"time",1,23
"real",1,22
"watching",1,22
"fox",1,21
"jeb",1,21
"news",1,21
"president",1,20
"hands",1,19
"republican",1,19
"candidate",1,18
"huckabee",1,18
"rubio",1,18
"2",1,17
"cam",1,17
"ericstonestreet",1,17
"megyn",1,17
"america",1,16
"bush",1,16
"cruz",1,16
"ben",1,15
"debates",1,15
"kasich",1,15
"love",1,15
"rwsurfergirl",1,15
"hillary",1,14
"party",1,14
"paul",1,14
"tonight",1,14
"watch",1,14
"winner",1,14
"fiorina",1,13
"kelly",1,13
"life",1,13
"stage",1,13
"carly",1,12
"questions",1,12
"rand",1,12
"watched",1,12
"1",1,11
"clinton",1,11
"goldietaylor",1,11
"hillaryclinton",1,11
"rights",1,11
"talk",1,11
"wait",1,11
"won",1,11
"carlyfiorina",1,10
"gay",1,10
"military",1,10
"republicans",1,10
"talking",1,10
"tv",1,10
"2016",1,9
"answer",1,9
"break",1,9
"huge",1,9
"illegal",-1,9
"mike",1,9
"sense",1,9
"10",1,8
"bettyfckinwhite",1,8
"car",1,8
"closing",1,8
"kwrcrow",1,8
"call",1,7
"country",1,7
"donaldtrump",1,7
"guy",1,7
"hair",1,7
"hear",1,7
"immigration",1,7
"kill",-1,7
"marcorubio",1,7
"person",1,7
"randpaul",1,7
"run",1,7
"salmasekela",1,7
"scottwalker",1,7
"support",1,7
"ted",1,7
"tonight's",1,7
"trump's",1,7
"twitter",1,7
"vote",1,7
"walker",1,7
"win",1,7
"wins",1,7
"woman",1,7
"word",1,7
"world",1,7
"wow",1,7
"alien",1,6
"berniesanders",1,6
"black",1,6
"boo",1,6
"bring",1,6
"comments",1,6
"day",1,6
"democrat",1,6
"democrats",1,6
"dr",1,6
"favorite",1,6
"guys",1,6
"head",1,6
"hrc",1,6
"jebbush",1,6
"john",1,6
"legal",1,6
"marco",1,6
"office",1,6
"presidential",1,6
"ratings",1,6
"realbencarson",1,6
"stands",1,6
"top",1,6
"3",1,5
"4",1,5
"act",1,5
"attack",-1,5
"bernie",1,5
"biff",1,5
"brain",1,5
"branch",1,5
"calling",1,5
"campaign",1,5
"check",1,5
"chrischristie",1,5
"christie",1,5
"classy",1,5
"commercial",1,5
"correct",1,5
"dc",1,5
"earned",1,5
"fieldnegro",1,5
"finally",1,5
"free",1,5
"funny",1,5
"future",1,5
"himscrvikr",1,5
"impressed",1,5
"iran",1,5
"issue",1,5
"issues",1,5
"johnkasich",1,5
"kkkorgop",1,5
"leading",1,5
"lindasuhler",1,5
"line",1,5
"lost",-1,5
"missed",-1,5
"noamnesty",1,5
"obama",1,5
"performance",1,5
"pledge",1,5
"plenty",1,5
"politics",1,5
"post",1,5
"pro",1,5
"purpose",1,5
"reality",1,5
"rnc",1,5
"schultz",1,5
"stand",1,5
"status",1,5
"stupid",-1,5
"supermanhotmale",1,5
"system",1,5
"tcot",1,5
"tedcruz",1,5
"telling",1,5
"war",-1,5
"women",1,5
"16",1,4
"5",1,4
"adult",1,4
"afraid",-1,4
"agree",1,4
"americans",1,4
"aware",1,4
"bad",-1,4
"beautiful",1,4
"bencarson2016",1,4
"bethbehrs",1,4
"biggest",1,4
"bipartisanism",1,4
"bretbaier",1,4
"business",1,4
"change",1,4
"china",1,4
"chris",1,4
"cnn",1,4
"coming",1,4
"deal",1,4
"dear",1,4
"direct",1,4
"dropped",1,4
"emerges",1,4
"enterprise",1,4
"entertainment",1,4
"faithful",1,4
"father",1,4
"frank",1,4
"friends",1,4
"government",1,4
"governorperry",1,4
"govmikehuckabee",1,4
"hand",1,4
"happiest",1,4
"independent",1,4
"jamiaw",1,4
"job",1,4
"joke",1,4
"learn",1,4
"lol",1,4
"lose",1,4
"makes",1,4
"moderators",1,4
"moment",1,4
"nevermind",1,4
"overrated",1,4
"parenting",1,4
"pictures.should",1,4
"political",1,4
"poll",1,4
"popehat",1,4
"posed",1,4
"race",1,4
"raise",1,4
"refreshing",1,4
"religious",1,4
"remark",1,4
"rent",1,4
"sanders",1,4
"santorum",1,4
"set",1,4
"shocks",-1,4
"speak",1,4
"statement",1,4
"statements",1,4
"stop",-1,4
"tax",1,4
"thedailyshow",1,4
"times",1,4
"told",1,4
"tough",1,4
"trump2016",1,4
"tuned",1,4
"video",1,4
"voices",1,4
"wasserman",1,4
"weekend",1,4
"white",1,4
"wilberforce91",1,4
"winners",1,4
"yesterday",1,4
"17",1,3
"abortion",1,3
"agenda",1,3
"amazing",1,3
"answers",1,3
"audience",1,3
"babies",1,3
"bet",1,3
"bobbyjindal",1,3
"bomb",-1,3
"boy",1,3
"brought",1,3
"calls",1,3
"care",1,3
"carly2016",1,3
"character",1,3
"common",1,3
"cool",1,3
"court",1,3
"coverage",1,3
"crazy",-1,3
"created",1,3
"curly",1,3
"declared",1,3
"democratic",1,3
"desdemona4u",1,3
"discussing",1,3
"drudge",1,3
"elected",1,3
"establishment",1,3
"failed",-1,3
"feel",1,3
"followers",1,3
"fuck",-1,3
"fun",1,3
"games",1,3
"giving",1,3
"gonna",1,3
"gotta",1,3
"hadiyah",1,3
"half",1,3
"happened",1,3
"hee",1,3
"hey",1,3
"hit",1,3
"involved",1,3
"irandeal",1,3
"joe",1,3
"kayleymelissa",1,3
"learned",1,3
"left",1,3
"lgbt",1,3
"liberty",1,3
"listening",1,3
"live",1,3
"marriage",1,3
"media",1,3
"mic",1,3
"million",1,3
"monaeltahawy",1,3
"monsterandboy",1,3
"mozgovaya",1,3
"nice",1,3
"nights",1,3
"o'donnell",1,3
"ohnoshetwitnt",1,3
"p2",1,3
"palin",1,3
"parenthood",1,3
"perry",1,3
"pissed",-1,3
"planned",1,3
"play",1,3
"policy",1,3
"politically",1,3
"polls",1,3
"postmortem",1,3
"potus",1,3
"quality",1,3
"received",1,3
"records",1,3
"remember",1,3
"replace",1,3
"retweeted",1,3
"rick",1,3
"roll",1,3
"rosie",1,3
"running",1,3
"russia",1,3
"sadly",-1,3
"sallykohn",1,3
"schools",1,3
"sex",1,3
"shawndrurysc",1,3
"smart",1,3
"smartest",1,3
"snl",1,3
"social",1,3
"spoken",1,3
"taking",1,3
"teaparty",1,3
"thebaxterbean",1,3
"thepatriot143",1,3
"tickets",1,3
"topic",1,3
"totally",1,3
"truth",1,3
"tweet",1,3
"uncle",1,3
"unfathomable",1,3
"voters",1,3
"washington",1,3
"wedding",1,3
"wrong",-1,3
"x6qa8muta7",1,3
"_hankrearden",1,2
"100",1,2
"14",1,2
"1st",1,2
"24",1,2
"7",1,2
"9",1,2
"ac360",1,2
"accidentally",-1,2
"advice",1,2
"air",1,2
"alinsky",1,2
"allenwestrepub",1,2
"amendment",1,2
"america's",1,2
"american",1,2
"angry",-1,2
"annebayefsky",1,2
"answering",1,2
"anti",-1,2
"anymore",1,2
"apologize",-1,2
"apparently",1,2
"appearance",1,2
"applause",1,2
"article",1,2
"articles",1,2
"attempt",1,2
"averykayla",1,2
"awesome",1,2
"b140_tweet",1,2
"bankruptcy",1,2
"bar",1,2
"beat",1,2
"bed",1,2
"bender",1,2
"bigger",1,2
"bimbo",1,2
"birth",1,2
"bitches",-1,2
"body",1,2
"book",1,2
"boom",1,2
"border",1,2
"borowitzreport",1,2
"bot",1,2
"boys",1,2
"breaking",1,2
"bridges",1,2
"broken",-1,2
"brothers",1,2
"build",1,2
"bump",1,2
"called",1,2
"canadian",1,2
"cartel",1,2
"center",1,2
"chances",1,2
"changed",1,2
"checkers",1,2
"choice",1,2
"christian",1,2
"civil",1,2
"claim",1,2
"climate",1,2
"clips",1,2
"closed",1,2
"clown",1,2
"collect",1,2
"color",1,2
"comcatholicgrl",1,2
"comedy",1,2
"comment",1,2
"complain",-1,2
"complete",1,2
"congrats",1,2
"congress",1,2
"contenders",1,2
"contribution",1,2
"core",1,2
"correctrecord",1,2
"couple",1,2
"covers",1,2
"credit",1,2
"cries",-1,2
"crispie",1,2
"crowd",1,2
"cruz's",1,2
"crying",-1,2
"cut",-1,2
"cute",1,2
"daily",1,2
"damn",-1,2
"darth",1,2
"datechguyblog",1,2
"death",-1,2
"debbie",1,2
"demagog",1,2
"disappointed",-1,2
"divide",1,2
"dodd",1,2
"dog",1,2
"dollar",1,2
"dominates",1,2
"donation",1,2
"donations",1,2
"door",1,2
"double",1,2
"doubt",-1,2
"dougbenson",1,2
"drama",1,2
"dreamdefenders",1,2
"dust",1,2
"easily",1,2
"economics",1,2
"ed",1,2
"eh",1,2
"endorsed",1,2
"entertaining",1,2
"episode",1,2
"evening",1,2
"event",1,2
"everyday",1,2
"expand",1,2
"facebook",1,2
"facing",1,2
"fail",-1,2
"families",1,2
"family",1,2
"fan",1,2
"fb",1,2
"fbi",1,2
"fear",-1,2
"feelthebern",1,2
"fifty",1,2
"fight",-1,2
"fighter",1,2
"final",1,2
"fix",1,2
"folks",1,2
"food",1,2
"foreign",1,2
"forget",-1,2
"forgot",1,2
"form",1,2
"foxdebate",1,2
"foxnewsdebate",1,2
"foxnewspolitics",1,2
"foxnewssunday",1,2
"freedom",1,2
"friday",1,2
"friend",1,2
"fucking",-1,2
"funniest",1,2
"gallagherpreach",1,2
"glad",1,2
"gold",1,2
"gopclowncar",1,2
"gopfail",1,2
"gov",1,2
"guess",1,2
"guypbenson",1,2
"headed",1,2
"heard",1,2
"highlights",1,2
"hilarious",1,2
"hillary2016",1,2
"history",1,2
"ho",1,2
"hope",1,2
"house",1,2
"hug",1,2
"hunger",-1,2
"hurry",1,2
"hurt",-1,2
"iats8vyx7c",1,2
"icymi",1,2
"ijreview",1,2
"ingrahamangle",1,2
"insightful",1,2
"instagram",1,2
"insurance",1,2
"internet",1,2
"israel",1,2
"jeb's",1,2
"jedediahbila",1,2
"jersey",1,2
"jimmyjames38",1,2
"jindal",1,2
"join",1,2
"jon",1,2
"kelly's",1,2
"kennedynation",1,2
"kicked",1,2
"kids",1,2
"knock",1,2
"koch",1,2
"lack",-1,2
"language",1,2
"lannister",1,2
"laughter",1,2
"lead",1,2
"leader",1,2
"leaders",1,2
"leave",-1,2
"lemme",1,2
"liar",-1,2
"liberals",1,2
"lindseygrahamsc",1,2
"listen",1,2
"looked",1,2
"losers",1,2
"lot",1,2
"loved",1,2
"mad",-1,2
"markdavis",1,2
"market",1,2
"mayor",1,2
"means",1,2
"megan",1,2
"mention",1,2
"mentions",1,2
"mette_mariek",1,2
"mexican",1,2
"millions",1,2
"miss",-1,2
"moderator",1,2
"money",1,2
"mongering",-1,2
"months",1,2
"morningjoe",1,2
"mother",1,2
"movement",1,2
"mush",1,2
"mutant",1,2
"muxywithmoxie",1,2
"nailed",1,2
"naral",1,2
"national",1,2
"nicksylian",1,2
"nominee",1,2
"notamistake",1,2
"nro",1,2
"obama's",1,2
"obamacare",1,2
"odds",1,2
"offended",-1,2
"ohio",1,2
"omg",1,2
"parties",1,2
"party's",1,2
"past",1,2
"patriotmom61",1,2
"pattonoswalt",1,2
"paul's",1,2
"perfect",1,2
"phillyd",1,2
"photo",1,2
"pick",1,2
"picture",1,2
"pimps",1,2
"playing",1,2
"politician",1,2
"politicians",1,2
"polo",1,2
"ppact",1,2
"preach",1,2
"pres",1,2
"prez",1,2
"project",1,2
"proper",1,2
"proud",1,2
"psychic",1,2
"push",1,2
"quotes",1,2
"racist",-1,2
"ran",1,2
"rate",1,2
"reactions",1,2
"reading",1,2
"reagan",1,2
"realalexjones",1,2
"realize",1,2
"reason",1,2
"registered",1,2
"release",1,2
"remedy",1,2
"reminder",1,2
"report",1,2
"response",1,2
"rhetoric",1,2
"rightly",1,2
"ring",1,2
"rino",1,2
"road",1,2
"rocked",1,2
"rocks",1,2
"roger",1,2
"round",1,2
"rush",1,2
"rushlimbaugh",1,2
"sayin",1,2
"season",1,2
"seat",1,2
"send",1,2
"sensanders",1,2
"shot",1,2
"shout",1,2
"similar",1,2
"site",1,2
"sober",1,2
"sold",1,2
"source",1,2
"specific",1,2
"spent",1,2
"standing",1,2
"standwithrand",1,2
"start",1,2
"starts",1,2
"stay",1,2
"summary",1,2
"sums",1,2
"superpower",1,2
"suppose",1,2
"sydtrvp",1,2
"tactics",1,2
"takeaways",1,2
"terrorism",1,2
"terrorists",1,2
"thatchrisgore",1,2
"thedemocrats",1,2
"thinking",1,2
"throw",1,2
"throwing",1,2
"thx",1,2
"todd",1,2
"topped",1,2
"true",1,2
"trumps",1,2
"tweeted",1,2
"tweets",1,2
"u.s",1,2
"uh",1,2
"unborn",1,2
"unhappy",-1,2
"unite",1,2
"united",1,2
"unprepared",1,2
"usa",1,2
"views",1,2
"voice",1,2
"wakeupamerica",1,2
"wallace",1,2
"wanna",1,2
"washingtonpost",1,2
"wondering",1,2
"worse",-1,2
"worst",-1,2
"worth",1,2
"writeintrump",1,2
"wrote",1,2
"wxaf0qvhi5",1,2
"ya",1,2
"yall",1,2
"yarn",1,2
"ygmgbavqut",1,2
"_ciaradanix3",1,1
"_kingmalcolm",1,1
"08nrvgesra",1,1
"1,000",1,1
"1.6m",1,1
"10th",1,1
"11000",1,1
"140characters",1,1
"16.0",1,1
"18.9",1,1
"1800",1,1
"19",1,1
"1960s",1,1
"1gt4lreepo",1,1
"1m",1,1
"1z3vufjzlw",1,1
"2013",1,1
"21",1,1
"22nd",1,1
"24000",1,1
"27h90u6bau",1,1
"2b",1,1
"2dopeantibhvr",1,1
"2kvlxwb9kd",1,1
"2nd",1,1
"2noame",1,1
"34",1,1
"35",1,1
"360vodka",1,1
"37.5",1,1
"3d",1,1
"3jmydidcdf",1,1
"3l7yimjxdl",1,1
"3rd",1,1
"3tep5zszun",1,1
"40",1,1
"43.0",1,1
"44",1,1
"49",1,1
"4billlewis",1,1
"4djcc81a5m",1,1
"4ljeug3gye",1,1
"4n6wgnunhn",1,1
"4th",1,1
"4yp5vfabjq",1,1
"4yrs",1,1
"5guj7pe5ei",1,1
"5h5prwi7ju",1,1
"5sgveo7r8n",1,1
"5votes",1,1
"60",1,1
"60min",1,1
"6d6xvafpf1",1,1
"6t2pwpyix1",1,1
"7.50",1,1
"73m",1,1
"7n0vljf2sn",1,1
"7qk0peaecw",1,1
"80",1,1
"87p5eew8w7",1,1
"8aqyj9byor",1,1
"8aupr2vs6z",1,1
"8jbvwjtj3t",1,1
"8lveuhtjuj",1,1
"96",1,1
"aaaaand",1,1
"aaand",1,1
"aandgshow",1,1
"ableg",1,1
"abortions",1,1
"abusive",-1,1
"acceptance",1,1
"account",1,1
"acct",1,1
"accurate",1,1
"acerbicaxioms",1,1
"ack",1,1
"actions",1,1
"acts",1,1
"adamslily",1,1
"admin",1,1
"admirers",1,1
"admit",-1,1
"advance",1,1
"advisor",1,1
"aegon",1,1
"aerosmith",1,1
"affairs",1,1
"affect'n",1,1
"affinity",1,1
"afrochubbz",1,1
"aftermath",1,1
"agents",1,1
"aggressively",1,1
"agreed",1,1
"ahead",1,1
"ailes",1,1
"ak",1,1
"alas",-1,1
"alexandergold",1,1
"alexandraheuser",1,1
"alexconant",1,1
"algore",1,1
"alilihay",1,1
"alittlestats",1,1
"alive",1,1
"allegations",1,1
"alliebidwell",1,1
"allowed",1,1
"alot",1,1
"alpal_23",1,1
"alumni",1,1
"alyonamink",1,1
"alyssaphucker",1,1
"amandajogomez",1,1
"amazed",1,1
"amdt",1,1
"amen",1,1
"amnesty",1,1
"amount",1,1
"amprog",1,1
"amusing",1,1
"analyst",1,1
"andersoncooper",1,1
"andreatantaros",1,1
"andrew_marcinko",1,1
"andrewcryer1",1,1
"angel",1,1
"angelaledgerwoo",1,1
"ann",1,1
"annieslisttx",1,1
"annise",1,1
"announce",1,1
"announcements",1,1
"anointed",1,1
"anytime",1,1
"apology",-1,1
"appalling",-1,1
"appeared",1,1
"apprentice",1,1
"approaches",1,1
"aprillives",1,1
"aq8v8c6p0p",1,1
"aqv21",1,1
"arab",1,1
"archerone",1,1
"argue",1,1
"aridavidusa",1,1
"ark",1,1
"arm",1,1
"army",1,1
"arriving",1,1
"art",1,1
"articulate",1,1
"asdsfke513",1,1
"ashamed",-1,1
"asia",1,1
"ass",-1,1
"assassination",-1,1
"assesses",1,1
"assets",1,1
"association",1,1
"atom",1,1
"attacked",-1,1
"attacking",-1,1
"attacks",-1,1
"attempted",1,1
"attended",1,1
"attention",1,1
"attitude",1,1
"auhlnza3ww",1,1
"authority",1,1
"auxty",1,1
"avabeata",1,1
"aviation",1,1
"avoid",-1,1
"awkord",1,1
"ax",1,1
"b4",1,1
"baby",1,1
"backhanded",1,1
"badly",-1,1
"baier",1,1
"balance",1,1
"ban",-1,1
"bankruptcies",1,1
"banks",1,1
"barbarians",1,1
"barracudamama",1,1
"bars",1,1
"bartles",1,1
"bashing",1,1
"basically",1,1
"basis",1,1
"bass",1,1
"batsask",1,1
"battle",-1,1
"bayonets",1,1
"bdsp6ig77v",1,1
"bdxb2vkyqw",1,1
"beachpeanuts",1,1
"bedchamber",1,1
"beem_skeem",1,1
"beer",1,1
"behaved",1,1
"believable",1,1
"bencarson",1,1
"beneath",1,1
"benefitted",1,1
"benshapiro",1,1
"benswann_",1,1
"benwikler",1,1
"bern",1,1
"bernardgoldberg",1,1
"bernie's",1,1
"bernie2016",1,1
"bewitched",1,1
"bgzysysfsu",1,1
"bheartland",1,1
"biasedgirl",1,1
"bill",1,1
"billhemmer",1,1
"billionaire",1,1
"billmaher",1,1
"billy",1,1
"billyeichner",1,1
"bingo",1,1
"bipartisan",1,1
"birthday",1,1
"bizkit",1,1
"bkshelvesofdoom",1,1
"blackfolks",1,1
"blacks",1,1
"blahahaha",1,1
"blame",-1,1
"blessed",1,1
"blew",1,1
"blind",-1,1
"blog",1,1
"bloody",-1,1
"blurred",1,1
"bmorebrian",1,1
"bnrdebate",1,1
"board",1,1
"boatrocker",1,1
"bob",1,1
"bob's",1,1
"bobby",1,1
"bone",1,1
"boobs",1,1
"booing",1,1
"borrowing",1,1
"bother",-1,1
"bottle",1,1
"bottomless",1,1
"bounce_comic",1,1
"bowel",1,1
"bracketed",1,1
"bradonmessage",1,1
"bradthor",1,1
"brags",1,1
"brappy55",1,1
"brawling",1,1
"bret",1,1
"brewers",1,1
"brianmrosenthal",1,1
"bridgegate",1,1
"brietbart",1,1
"brilliant",1,1
"brithume",1,1
"broadcast",1,1
"brock_a_r",1,1
"brother",1,1
"brotherhood",1,1
"brownblaze",1,1
"bruce",1,1
"brucebartlett",1,1
"brunches",1,1
"bryanlowry3",1,1
"btl",1,1
"budgets",1,1
"buhbyegop",1,1
"builders",1,1
"building",1,1
"burn",1,1
"bus",1,1
"bushland",1,1
"buzzer",1,1
"bwahaha",1,1
"c6qmagevf3",1,1
"c7fwjmdqcz",1,1
"cabinet",1,1
"caked",1,1
"camacho",1,1
"camelotgypsy",1,1
"camera",1,1
"cameron_gray",1,1
"campground",1,1
"cancel",-1,1
"cancelled",-1,1
"candidacy",1,1
"candy",1,1
"candycrowley",1,1
"canned",1,1
"canttrustabush",1,1
"cap",1,1
"captain_landon",1,1
"captioning",1,1
"cards",1,1
"careing",1,1
"carmengoblue",1,1
"carry",1,1
"carson's",1,1
"cary",1,1
"catastrophe",-1,1
"catching",1,1
"catie__warren",1,1
"cbslaelsa",1,1
"cecilthelion",1,1
"celebs",1,1
"cemented",1,1
"censors",-1,1
"chadpergram",1,1
"chadstanton",1,1
"chains",1,1
"chakerkhazaal",1,1
"channel",1,1
"charles_gaba",1,1
"charlesmcnulty",1,1
"charlie",1,1
"charted",1,1
"chase",1,1
"checking",1,1
"cheer",1,1
"cheered",1,1
"cheering",1,1
"chelsea_elle",1,1
"cherishes",1,1
"chess",1,1
"chevy",1,1
"chew",1,1
"chewbacca",1,1
"chhzb49t0w",1,1
"chief",1,1
"child",1,1
"children",1,1
"chill",1,1
"choose",1,1
"chrischristie's",1,1
"christi",1,1
"christians",1,1
"chriswallace",1,1
"church",1,1
"circus",1,1
"cities",1,1
"citizenship",1,1
"city",1,1
"civilrightsorg",1,1
"claims",1,1
"claire",1,1
"clap",1,1
"clapped",1,1
"clapping",1,1
"clarknt67",1,1
"cleveland",1,1
"climatebrad",1,1
"clinton's",1,1
"close",1,1
"cmon",1,1
"coach",1,1
"code",1,1
"cohealthaccess",1,1
"colin",1,1
"columnist",1,1
"comeback",1,1
"comedians",1,1
"comfortable",1,1
"commanded",1,1
"commander",1,1
"commentator",1,1
"commentators",1,1
"commitment",1,1
"committing",1,1
"communicator",1,1
"community",1,1
"compared",1,1
"competent",1,1
"competition",1,1
"complaints",1,1
"concerns",1,1
"confidence.too",1,1
"confirmed",1,1
"congratulations",1,1
"congressional",1,1
"consensus",1,1
"consequences",1,1
"conservative",1,1
"considered",1,1
"consistently",1,1
"conssista",1,1
"consults",1,1
"consume",1,1
"continues",1,1
"contrary",1,1
"contrast",1,1
"control",1,1
"controversy",1,1
"coolest",1,1
"cop",1,1
"corn",1,1
"correctly",1,1
"corrupt",1,1
"cougar",1,1
"could've",1,1
"covinoandrich",1,1
"crack",1,1
"cral",1,1
"crapping",1,1
"cratering",1,1
"craziness",1,1
"crickets",1,1
"crime",-1,1
"critic",-1,1
"critique",1,1
"crony",1,1
"crowley",1,1
"crowns",1,1
"crush",-1,1
"cs0usassqs",1,1
"cspanwj",1,1
"culkin",1,1
"cult",1,1
"culture",1,1
"curious",1,1
"cw0rac9wqh",1,1
"cyber",1,1
"cycles",1,1
"da",1,1
"dad",1,1
"daenerys",1,1
"dalestokely",1,1
"dan_bernstein",1,1
"danholler",1,1
"danmoore755",1,1
"darrens",1,1
"data",1,1
"dataviz",1,1
"dave_gosh",1,1
"daveanthony",1,1
"davidbrockdc",1,1
"davidjwhite640",1,1
"dayum",1,1
"dbeltwrites",1,1
"dc's",1,1
"dd",1,1
"dead",-1,1
"deals",1,1
"debaitandswith",1,1
"debated",1,1
"debaters",1,1
"debatewithbernie",1,1
"debating",1,1
"debt",-1,1
"decade",1,1
"decent",1,1
"decide",1,1
"decision",1,1
"declares",1,1
"deenazarucnn",1,1
"defeat",1,1
"defend",1,1
"deferments",1,1
"define",1,1
"definitive",1,1
"defunded",1,1
"degree",1,1
"delay",-1,1
"deleted",1,1
"delivered",1,1
"delusions",1,1
"demand",-1,1
"democrat's",1,1
"demsrrealracist",1,1
"denies",-1,1
"dentist",1,1
"deray",1,1
"derogatory",1,1
"derwood",1,1
"des",1,1
"describe",1,1
"description",1,1
"deserve",1,1
"deserves",1,1
"destroy",-1,1
"dhniels",1,1
"dianneg",1,1
"dictating",1,1
"diegueno",1,1
"difference",1,1
"differences",1,1
"digest",1,1
"directly",1,1
"disapproval",1,1
"discriminated",1,1
"discussion",1,1
"dislike",-1,1
"displayed",1,1
"disrespectful",1,1
"disruptepreneur",1,1
"dissatisfying",1,1
"dissect",1,1
"diversity",1,1
"divided",1,1
"djcj7bhgzb",1,1
"dl",1,1
"doctor",1,1
"dole",1,1
"dollars",1,1
"domeniconpr",1,1
"domestic",1,1
"donkeyarguing",1,1
"donniewahlberg",1,1
"donors",1,1
"dont",1,1
"dooley_dooley",1,1
"doom",-1,1
"doriabiddle",1,1
"downright",1,1
"draft",1,1
"dragging",1,1
"draw",1,1
"dress",1,1
"drew",1,1
"drinking",1,1
"drinks",1,1
"driving",1,1
"drn2bhohii",1,1
"drnickmorgan",1,1
"drones",1,1
"drop",-1,1
"dropping",1,1
"drudge_report",1,1
"drum",1,1
"drunk",-1,1
"drunkjcrewuguys",1,1
"duh",1,1
"dumptrump",1,1
"e_sibe",1,1
"e0huw70rrr",1,1
"e1smu0hn5j",1,1
"e2rboz1zwy",1,1
"e68hblfc2g",1,1
"earlier",1,1
"ears",1,1
"earth",1,1
"east",1,1
"easy",1,1
"eat",1,1
"eat24",1,1
"eclipses",1,1
"eddiepepitone's",1,1
"edgeofsports",1,1
"edhenry",1,1
"edition",1,1
"education",1,1
"effectivley",1,1
"egypt",1,1
"electable",1,1
"election",1,1
"elegant",1,1
"elite",1,1
"elizabeth",1,1
"ellemagazine",1,1
"ellieptweet",1,1
"eloquently",1,1
"else's",1,1
"email",1,1
"emails",1,1
"embrace",1,1
"emissary",1,1
"emotional",1,1
"english",1,1
"enjoy",1,1
"enjoyed",1,1
"enjoying",1,1
"entertained",1,1
"enthusiasm",1,1
"entire",1,1
"envelope",1,1
"epa",1,1
"epicfail",1,1
"essentially",1,1
"etammykim",1,1
"eugenics",1,1
"eusebiaaq",1,1
"ewing",1,1
"exaggerates",-1,1
"excellent",1,1
"executive",1,1
"expect",1,1
"expectation",1,1
"expected",1,1
"expecting",1,1
"experiment",1,1
"explaining",1,1
"exposed",-1,1
"exposing",-1,1
"extraordinaire",1,1
"extremist",1,1
"eye",1,1
"eyes",1,1
"ez9yl3uxxs",1,1
"f687d6objl",1,1
"fackinpeter",1,1
"factlsxf4g",1,1
"facttank",1,1
"fair",1,1
"faith",1,1
"fake",-1,1
"fall",1,1
"fallen",-1,1
"false",1,1
"falters",1,1
"fascinating",1,1
"fashion",1,1
"fast",1,1
"fat",1,1
"favor",1,1
"fec",1,1
"federal",1,1
"fedral",1,1
"feeds",1,1
"female",1,1
"fence",1,1
"feud",1,1
"fewer",1,1
"field",1,1
"figure",1,1
"file",1,1
"finalist",1,1
"finalized",1,1
"fincbj3pos",1,1
"fine",1,1
"finest",1,1
"finished",1,1
"firstamendment",1,1
"fit",1,1
"fitting",1,1
"fl",1,1
"flacco",1,1
"flashes",1,1
"flashreport",1,1
"flat",1,1
"flips",1,1
"florida",1,1
"floridamep",1,1
"fmafdubmfb",1,1
"fnc",1,1
"focus",1,1
"focused",1,1
"follow",1,1
"follower",1,1
"fools",-1,1
"footage",1,1
"footies",1,1
"fop",1,1
"foreshadowed",1,1
"forgives",1,1
"fought",1,1
"foul",1,1
"found",1,1
"foundation",1,1
"fourmoreyears",1,1
"foxdebates",1,1
"foxnewsmom",1,1
"foxy",1,1
"fragile",1,1
"frankbruni",1,1
"frankluntz",1,1
"fraud",-1,1
"freakin",1,1
"freakishly",1,1
"freeamerican100",1,1
"freedomjames7",1,1
"freedomtexasmom",1,1
"frogs",1,1
"front",1,1
"fs7r705es9",1,1
"ftw",1,1
"fuk",1,1
"fumbles",1,1
"fundamental",1,1
"funnest",1,1
"funnyordie",1,1
"fuuuuun",1,1
"fwd_us",1,1
"g.o.p",1,1
"gaining",1,1
"gallery",1,1
"galt",1,1
"gameofowns",1,1
"gameofthrones",1,1
"gauchat",1,1
"gender",1,1
"generations",1,1
"george",1,1
"gesturing",1,1
"gexsjxrct3",1,1
"gfyti5ilvc",1,1
"ggfletcher",1,1
"ghana",1,1
"gheshes",1,1
"girls",1,1
"giuseppeiv",1,1
"gluttons",1,1
"gly4myqxyw",1,1
"gma",1,1
"gmadawny",1,1
"gnnn9idons",1,1
"goal",1,1
"gogoaleee",1,1
"goldman",1,1
"goodbye",1,1
"goodmanhere2",1,1
"gopdebacle",1,1
"gopendejos",1,1
"goptbt",1,1
"gotcha",1,1
"gotrump",1,1
"gov't",1,1
"govchristie",1,1
"governor",1,1
"governors",1,1
"govsandoval",1,1
"gpnaplang",1,1
"grandstanding",1,1
"greggutfeld",1,1
"gretchencarlson",1,1
"gritty",1,1
"ground",1,1
"gt",1,1
"gtownheckler",1,1
"guest",1,1
"gun",-1,1
"guns",1,1
"gwar's",1,1
"gwb",1,1
"h5xbibvgst",1,1
"haha",1,1
"haircut",1,1
"halftimereport",1,1
"handcuffs",1,1
"handful",1,1
"handle",1,1
"handled",1,1
"hanging",1,1
"hangover",1,1
"hanks",1,1
"hannibalburess",1,1
"hannity",1,1
"happy",1,1
"harbor",1,1
"hard",-1,1
"hardball",1,1
"hat",1,1
"hateful",1,1
"haters",-1,1
"hayesbrown",1,1
"hdtgm",1,1
"headache",1,1
"health",1,1
"healthcare",1,1
"healthier",1,1
"hearing",1,1
"heat",1,1
"heck",1,1
"heidil_rn",1,1
"helicopter",1,1
"hell",-1,1
"helped",1,1
"helping",1,1
"hermetically",1,1
"hero",1,1
"hes",1,1
"hfqvxaiqph",1,1
"hilary",1,1
"hillaryclinton's",1,1
"hitjob",1,1
"hitman",1,1
"hits",1,1
"hitting",1,1
"hoes",1,1
"hold",1,1
"holding",1,1
"hole",1,1
"hollywood",1,1
"home",1,1
"homes",1,1
"homework",1,1
"honduras",1,1
"honor",1,1
"hood",1,1
"hoover",1,1
"hopefuls",1,1
"horrified",-1,1
"horse",1,1
"hospitable",1,1
"hour",1,1
"hours",1,1
"houses",1,1
"houston",1,1
"hrkbenowen",1,1
"huffingtonpost",1,1
"huffpostlive",1,1
"hugely",1,1
"hugs",1,1
"human",1,1
"huntsmanabby",1,1
"hype",1,1
"i.e",1,1
"iangarytweets",1,1
"icareviews",1,1
"idea",1,1
"ideas",1,1
"identify",1,1
"identifying",1,1
"idg375",1,1
"idiots",1,1
"idxr",1,1
"ig",1,1
"ignore",-1,1
"illiterates",1,1
"illuminati",1,1
"illustrated",1,1
"ilnovju2a9",1,1
"im",1,1
"imagining",1,1
"imbeciles",1,1
"imho",1,1
"immigrant",1,1
"immigrants",1,1
"implementation",1,1
"implode",1,1
"impomag",1,1
"importantly",1,1
"improve",1,1
"inadvertently",1,1
"inamaziarcz",1,1
"incredible",1,1
"individual",1,1
"individuals",1,1
"indulging",1,1
"inequality",1,1
"information",1,1
"ink",1,1
"innocent",1,1
"instapundit",1,1
"insult",-1,1
"intelligence",1,1
"intelligent",1,1
"intern",1,1
"interviewed",1,1
"invade",1,1
"invisalign",1,1
"invited",1,1
"invoking",1,1
"io41nn1omn",1,1
"ipbsiczyin",1,1
"iranian",1,1
"iraq",1,1
"iron",1,1
"ironghazi",1,1
"isis",1,1
"isnt",1,1
"istandwithobama",1,1
"italkus",1,1
"itsshoboy",1,1
"j.r",1,1
"j9oebxygof",1,1
"jacbrew",1,1
"jack",1,1
"jackie_pepper",1,1
"jackson",1,1
"jakarijax",1,1
"jalisco",1,1
"jamesrosenfnc",1,1
"jami_usa",1,1
"japan",1,1
"jaret2113",1,1
"jarjarbug",1,1
"jarodzsz",1,1
"jasper_deezy",1,1
"jaw",1,1
"jayandsteve",1,1
"jaymes",1,1
"jbthomjohn",1,1
"jbzchd34wa",1,1
"jdante_pr",1,1
"jebbush's",1,1
"jen",1,1
"jennrios1191",1,1
"jeopardy's",1,1
"jerks",1,1
"jerry",1,1
"jerry_holbert",1,1
"jerrydoyle",1,1
"jesselagreca",1,1
"jessilespie",1,1
"jesus",1,1
"jet",1,1
"jjosephwilliams",1,1
"jm1zvd5qyd",1,1
"joeykramer",1,1
"johneberkowitz",1,1
"johnmccain",1,1
"johnson",1,1
"joined",1,1
"jonstewart",1,1
"jonvoyage",1,1
"jose",1,1
"joy__hart",1,1
"joycarescle",1,1
"jr",1,1
"juliaioffe",1,1
"juliaturner",1,1
"julieweise",1,1
"just_jdreaming",1,1
"justice",1,1
"jut",1,1
"jybray",1,1
"jylevqszrr",1,1
"k3bcdnutm0",1,1
"k7wakz1g5q",1,1
"kamehameha",1,1
"kanye",1,1
"karatloz",1,1
"kardashian",1,1
"karl_sans_marx",1,1
"kasich's",1,1
"kasich2016",1,1
"katiecouric",1,1
"kavithadavidson",1,1
"keemstarx",1,1
"kellyfile",1,1
"kennethsilber",1,1
"kentucky",1,1
"kerriestella",1,1
"kevxindy",1,1
"key",1,1
"kgznjmykx7",1,1
"kick",1,1
"kidstabledebate",1,1
"kill'em",1,1
"killed",-1,1
"killers",1,1
"killing",-1,1
"kim",1,1
"kimye",1,1
"king",1,1
"kj1xkusmlk",1,1
"kjhobbs1985",1,1
"kmrn9bv2fm",1,1
"knowmorenotless",1,1
"kowxyzui4z",1,1
"kqcbckbjki",1,1
"kravitz's",1,1
"kristinmcoppens",1,1
"krystalball",1,1
"kurdish",1,1
"kurds",1,1
"kvxrdashian",1,1
"kyaecker",1,1
"kylealexlittle",1,1
"l0qdv4qmth",1,1
"lady",1,1
"larryelder",1,1
"las",1,1
"late",1,1
"latimes",1,1
"latina",1,1
"latinalista",1,1
"latinoslisten",1,1
"latism",1,1
"laugh",1,1
"laughing",1,1
"laughs",1,1
"launcher",1,1
"law",1,1
"lcipaybjz9",1,1
"ldqe8kg2zw",1,1
"le",1,1
"leadership",1,1
"leeannmcadoo",1,1
"left's",1,1
"leg",1,1
"lenny",1,1
"lesbians",1,1
"lesson",1,1
"level",1,1
"lgbtq",1,1
"liberal",1,1
"liberalmmama",1,1
"libertarianwing",1,1
"liberties",1,1
"libertytarian",1,1
"libertywwnf",1,1
"lifeaction",1,1
"lighter",1,1
"limbaugh",1,1
"limit",1,1
"limited",-1,1
"limp",1,1
"list",1,1
"listened",1,1
"litupshow",1,1
"liveblog",1,1
"lives",1,1
"lizadonnelly",1,1
"lizpeek",1,1
"lkuhw2nrxs",1,1
"lmahoneybee",1,1
"lmbo",1,1
"lmfao",1,1
"logic",1,1
"lollyohmy",1,1
"looooooove",1,1
"lord",1,1
"loribuckmajor",1,1
"loses",1,1
"loss",-1,1
"louisiana",1,1
"louvice",1,1
"lovablegold",1,1
"loves",1,1
"low",1,1
"lower",1,1
"lowered",1,1
"lowers",1,1
"lowrancc",1,1
"lpnational",1,1
"lrihendry",1,1
"ltzd4fxr8b",1,1
"luntz",1,1
"lwc",1,1
"lyrics",1,1
"lzdebates",1,1
"m2zi6acgno",1,1
"macauley",1,1
"maccallum",1,1
"maddow",1,1
"maedenver",1,1
"magical",1,1
"mailman",1,1
"mainstream",1,1
"major",1,1
"mama",1,1
"man's",1,1
"manner",1,1
"marcorubio's",1,1
"marialiacalvo",1,1
"marisol_bello",1,1
"marklevinshow",1,1
"marmel",1,1
"marnus3",1,1
"marshamarshamarsha",1,1
"martha",1,1
"marthamaccallum",1,1
"marthamartinme",1,1
"mashablegif",1,1
"mashablenews",1,1
"massacre",1,1
"masses",1,1
"masterful",1,1
"masters",1,1
"match",1,1
"math",1,1
"matters",1,1
"mattgubser",1,1
"matthews",1,1
"mcbyrne",1,1
"mccain",1,1
"mddems",1,1
"mdmned8lgq",1,1
"meat",1,1
"mediaboobs",1,1
"mediaequalizer",1,1
"mediator",1,1
"meeting",1,1
"meets",1,1
"mega",1,1
"meguylikeme",1,1
"mejxxpzg1v",1,1
"mel8jxm19b",1,1
"melissagracey",1,1
"meme",1,1
"memo",1,1
"menace",-1,1
"mentioned",1,1
"mercedesschlapp",1,1
"merited",1,1
"merkel",1,1
"mess",-1,1
"mexico",1,1
"mgsu7vmaio",1,1
"miaholl18",1,1
"michael",1,1
"michaelsnook",1,1
"michellemalkin",1,1
"micnews",1,1
"mid",1,1
"middle",1,1
"mikeallen",1,1
"militants",1,1
"mimosas",1,1
"min",1,1
"minister",1,1
"minnesota",1,1
"mins",1,1
"minute",1,1
"minutes",1,1
"miracles",1,1
"misled",1,1
"missile",1,1
"missing",-1,1
"misspeak",1,1
"mistake",-1,1
"mixtape",1,1
"mj",1,1
"mjtbaum",1,1
"mk",1,1
"model",1,1
"moderate",1,1
"moe",1,1
"moines",1,1
"molested",1,1
"molloaqhwq",1,1
"molonlabia67",1,1
"mom",1,1
"moments",1,1
"moneyries",1,1
"monster",1,1
"montel",1,1
"montel_williams",1,1
"month's",1,1
"mood",1,1
"moonbat",1,1
"mormondems",1,1
"morning",1,1
"moronic",1,1
"morrissey",1,1
"motorcitylib",1,1
"motto",1,1
"mouth",1,1
"movie",1,1
"moving",1,1
"ms",1,1
"msgoddessrises",1,1
"msnbc",1,1
"mt",1,1
"mtqdsdgpeb",1,1
"mtranquilnight",1,1
"mullchess",1,1
"murdering",-1,1
"murica",1,1
"muslims",1,1
"mydaughtersarmy",1,1
"mzc49jrkq8",1,1
"n2yixeokow",1,1
"named",1,1
"narrowed",1,1
"nascarcasm",1,1
"nascarnac",1,1
"nashville",1,1
"nasty",-1,1
"natesilver538",1,1
"nation",1,1
"nations",1,1
"nationwide",1,1
"nativists",1,1
"natl",1,1
"nb3btm8ffd",1,1
"negotiating",1,1
"nerd",1,1
"nerdist",1,1
"nerve",1,1
"newspaper",1,1
"newsroom",1,1
"newyorker",1,1
"ngdaxtudrt",1,1
"ngomsiv",1,1
"nielsen",1,1
"night.we",1,1
"nitty",1,1
"nixon",1,1
"njbatsa",1,1
"nkwjlscecm",1,1
"noah's",1,1
"nobamanoway",1,1
"nodding",1,1
"nominate",1,1
"nomination",1,1
"nonprophetess",1,1
"nope",1,1
"normal",1,1
"norton",1,1
"notaxation",1,1
"npr",1,1
"nss1u3salh",1,1
"nuclear",1,1
"numbersmuncher",1,1
"nutjobs",1,1
"nvr2conservativ",1,1
"nyc",1,1
"nycdeb8tr",1,1
"nycitycountry",1,1
"nymag",1,1
"nyt",1,1
"o7ujl56nm7",1,1
"obamas",1,1
"obnqdpoemx",1,1
"obvious",1,1
"official",1,1
"officially",1,1
"ohiobats",1,1
"oknox",1,1
"oldrowofficial",1,1
"onceuponaliz",1,1
"onilordasmodeus",1,1
"onlyinbos",1,1
"ooh",1,1
"oops",1,1
"op",1,1
"opinion",1,1
"opinion.seemed",1,1
"opponent",1,1
"opponents",1,1
"opqaudgvcv",1,1
"optibotimus",1,1
"option",1,1
"options",1,1
"orange",1,1
"ouf",1,1
"outdated",1,1
"outnumberedfnc",1,1
"outrage",-1,1
"ovation",1,1
"overtake",1,1
"overtime",1,1
"owned",1,1
"owners",1,1
"oxymoron",-1,1
"p389iile2n",1,1
"pack",1,1
"pacsgirl36",1,1
"page",1,1
"paid",1,1
"painful",1,1
"palmaceiahome1",1,1
"panda",1,1
"pander",1,1
"pandering",1,1
"panic",-1,1
"parade",1,1
"paraphrase",1,1
"parents",1,1
"park",1,1
"parker",1,1
"parroting",1,1
"participated",1,1
"passive",-1,1
"pat",1,1
"patriot",1,1
"patriottweetz",1,1
"pc",1,1
"pearl",1,1
"pearls",1,1
"peddoc63",1,1
"peggynoonannyc",1,1
"penis",1,1
"pennbat",1,1
"pensions",1,1
"peoples",1,1
"pepperoni",1,1
"percent",1,1
"perezhilton",1,1
"performances",1,1
"permanently",1,1
"persecute",-1,1
"personal",1,1
"personally",1,1
"petedominick",1,1
"pfikac",1,1
"pftcommenter",1,1
"pgijypjzdf",1,1
"phantom",1,1
"philosophies",1,1
"phonies",1,1
"phqu2mpmbg",1,1
"picsofmattdamon",1,1
"pictures",1,1
"pieter_gericke",1,1
"pig",1,1
"pills",1,1
"pilrfpa6hc",1,1
"pinky",1,1
"pitch",1,1
"pizza",1,1
"pjnet",1,1
"pkyjsglvfr",1,1
"plan",1,1
"plannedparenthood",1,1
"plans",1,1
"playbookbreakfast",1,1
"played",1,1
"players",1,1
"plays",1,1
"pledges",1,1
"pls",1,1
"plugged",1,1
"pm",1,1
"polarization",1,1
"police",1,1
"policies",1,1
"polisciumn",1,1
"politicoroger",1,1
"politifact",1,1
"pondering_this",1,1
"poor",-1,1
"popcorn",1,1
"popeye",1,1
"popular",1,1
"postgraphics",1,1
"posting",1,1
"potus2016",1,1
"powder",1,1
"power",1,1
"powerful",1,1
"pp",1,1
"pp6uzvfqql",1,1
"ppl",1,1
"pr",1,1
"praise",1,1
"praised",1,1
"praises",1,1
"pre",1,1
"predictable",1,1
"prediction",1,1
"prefer",1,1
"presence",1,1
"press",1,1
"pretty",1,1
"preview",1,1
"primaries",1,1
"primary",1,1
"prime",1,1
"print",1,1
"priorities",1,1
"prisoners",-1,1
"private",1,1
"producers",1,1
"producing",1,1
"profit",1,1
"profound",1,1
"programs",1,1
"progress4ohio",1,1
"progressive",1,1
"prolife",1,1
"promising",1,1
"promoting",1,1
"pronouncing",1,1
"prophiphop",1,1
"props",1,1
"propsals",1,1
"prosthetic",1,1
"protect",1,1
"psynbuelhy",1,1
"puddinstrip",1,1
"puerto",1,1
"pulling",1,1
"pulmyears",1,1
"pulse",1,1
"pundits",1,1
"punishment",1,1
"punkhistory",1,1
"punt",1,1
"puppets",1,1
"pushing",1,1
"putin",1,1
"pvopzkkt9m",1,1
"pyd",1,1
"q13vkulp3r",1,1
"q4rpv2tbx6",1,1
"qd3lbg4vdf",1,1
"qdiwcwnqy0",1,1
"qe2tputvw3",1,1
"qfedzq4q5z",1,1
"qocnoixedn",1,1
"qs",1,1
"qs4o70zxby",1,1
"qualified",1,1
"quantity",1,1
"quarterback",1,1
"queen",1,1
"questioned",-1,1
"quote",1,1
"quoting",1,1
"qxb1edqozn",1,1
"qzmg96pf75",1,1
"r9ctplw5up",1,1
"racial",1,1
"radar",1,1
"radiance",1,1
"radio",1,1
"raemacraerae",1,1
"raina_kadavil",1,1
"raised",1,1
"randikayecnn",1,1
"ranks",1,1
"rant",-1,1
"rape",-1,1
"raulareyes",1,1
"raven",1,1
"ravensnation",1,1
"reaching",1,1
"react",1,1
"read",1,1
"reagen",1,1
"realdonaldtrump's",1,1
"realizes",1,1
"realtime",1,1
"realtomsongs",1,1
"reassured",1,1
"rebleber",1,1
"recap",1,1
"receive",1,1
"receives",1,1
"record",1,1
"recovering",1,1
"rednationraising",1,1
"rednationrising",1,1
"redsteeze",1,1
"reelquinn",1,1
"referring",1,1
"reform",1,1
"regina",1,1
"register",1,1
"rehearsal",1,1
"remains",1,1
"remarks",1,1
"remind",1,1
"remove",1,1
"removing",1,1
"renaissance",1,1
"renomarky",1,1
"renounce",1,1
"rep",1,1
"repealing",1,1
"repel",1,1
"replayed",1,1
"represented",1,1
"republicandebate",1,1
"reserves",1,1
"resist",1,1
"responses",1,1
"restorereality",1,1
"restrict",-1,1
"retirement",1,1
"revealing",1,1
"revenge",-1,1
"revolutionary",1,1
"rf40cci35x",1,1
"rhondalevaldo",1,1
"rhondawatkgwyn",1,1
"richarddeitsch",1,1
"ricksantorum",1,1
"ridiculous",-1,1
"rigorous",1,1
"rik_fiair",1,1
"rip",1,1
"rise",1,1
"rises",1,1
"risk",-1,1
"ritual",1,1
"rmconservative",1,1
"rmuench22",1,1
"roaring",1,1
"roars",1,1
"robelgasabc7",1,1
"robertson",1,1
"rocking",1,1
"ron",1,1
"ronald",1,1
"ronda",1,1
"ronpaul",1,1
"root",1,1
"rousey",1,1
"rowdy",1,1
"rrlllvatet",1,1
"rsg15",1,1
"rt0787",1,1
"rubionever",1,1
"rude",1,1
"rules",1,1
"rumbling",1,1
"rumpfshaker",1,1
"runs",1,1
"runway",1,1
"rupert",1,1
"rupertmurdoch",1,1
"rwnj",1,1
"ryanmauro",1,1
"s1gkhsy1bf",1,1
"s7ukcfcefb",1,1
"sachs",1,1
"sacred",1,1
"sad",-1,1
"sailor",1,1
"salesman",1,1
"sampuzzo",1,1
"sanctuary",1,1
"sanddragger",1,1
"sane",1,1
"saradmahmoud",1,1
"sarah",1,1
"sarahkendzior",1,1
"sarahpalinusa",1,1
"sarhan_",1,1
"satisfying",1,1
"sbg1",1,1
"sbswenson",1,1
"scary",-1,1
"scene",1,1
"schiavo",1,1
"school",1,1
"science",1,1
"scientific",1,1
"scofflaw",1,1
"scott",1,1
"scrowder",1,1
"sealed",1,1
"sec",1,1
"secret",1,1
"seekweek15",1,1
"selfie",1,1
"selhussain",1,1
"sell",1,1
"sen",1,1
"senator",1,1
"senor",1,1
"senschumer",1,1
"serve",1,1
"served",1,1
"service",1,1
"sessions",1,1
"sets",1,1
"setting",1,1
"settling",1,1
"sfgate",1,1
"shaft",1,1
"shannonbream",1,1
"shannonrwatts",1,1
"shannonsanford9",1,1
"shared",1,1
"sharknadoyes",1,1
"shawnsbrain66",1,1
"shawnsuth",1,1
"sheriff",1,1
"sherrod_small",1,1
"shining",1,1
"shock",-1,1
"shockingly",1,1
"shootings",1,1
"shorter",1,1
"shoutout",1,1
"showboat",1,1
"shrunk",1,1
"shunstrickland",1,1
"shut",1,1
"signing",1,1
"similarities",1,1
"similarity",1,1
"simply",1,1
"sinaloa",1,1
"single",1,1
"sinunu",1,1
"sir",1,1
"siriusxm",1,1
"sisi",1,1
"sith",1,1
"skhas0lqub",1,1
"skiing",1,1
"sknhfykw3u",1,1
"slaboe",1,1
"slams",1,1
"slate",1,1
"slayed",1,1
"slaying",1,1
"slept",1,1
"slob",1,1
"slone",1,1
"slow",1,1
"smacked",1,1
"smarter",1,1
"smh",1,1
"snapchat",1,1
"sneaky",-1,1
"snowmobile",1,1
"soapbox",1,1
"socalimilitia1",1,1
"soldier",1,1
"solitaire",1,1
"solve",1,1
"someecards",1,1
"someone's",1,1
"song",1,1
"sorta",1,1
"sound",1,1
"sounded",1,1
"sounds",1,1
"southernhomo",1,1
"spark",1,1
"sparring",1,1
"speakerboehner",1,1
"speaks",1,1
"special",1,1
"specifically",1,1
"specifics",1,1
"spectacle",1,1
"spectacular",1,1
"speech",1,1
"speed",1,1
"spending",1,1
"spied",1,1
"spirit",1,1
"splitting",1,1
"spoke",1,1
"sports",1,1
"spot",1,1
"spotting",1,1
"springer",1,1
"springsteen",1,1
"spy",1,1
"squelch",1,1
"standard",1,1
"standards",1,1
"standout",1,1
"standwithpp",1,1
"star",1,1
"started",1,1
"stated",1,1
"stating",1,1
"station",1,1
"statistics",1,1
"steam",1,1
"steinberger",1,1
"step",1,1
"stephenstephan",1,1
"steps",1,1
"sternnschool",1,1
"steve0423",1,1
"stevenoh88",1,1
"stewart",1,1
"stewart's",1,1
"stick",1,1
"stooge",1,1
"store",1,1
"storify",1,1
"story",1,1
"stos8p4shb",1,1
"straighten",1,1
"strange",-1,1
"strategist",1,1
"straws",1,1
"strong",1,1
"stuck",-1,1
"student",1,1
"studies",1,1
"stuff",1,1
"stumping",1,1
"stupidity",1,1
"subjects",1,1
"substance",1,1
"substantive",1,1
"succeed",1,1
"sucked",1,1
"suffering",-1,1
"suggests",1,1
"summed",1,1
"sunday",1,1
"superior",1,1
"supp",1,1
"supporting",1,1
"supreme",1,1
"surgery",1,1
"surprised",1,1
"surrounding",1,1
"survive",1,1
"swag",1,1
"sweet",1,1
"sweetpea593",1,1
"swimsuit",1,1
"swindler",1,1
"swing",1,1
"sying",1,1
"t0k3ookwm0",1,1
"tab",1,1
"table",1,1
"takedown",1,1
"takes",1,1
"takingadvantage",1,1
"talked",1,1
"tangible",1,1
"tantan73",1,1
"tape",1,1
"taph65klje",1,1
"targaryen",1,1
"taxing",1,1
"tb7xx3ezqs",1,1
"tbh",1,1
"tbyo1wwvis",1,1
"tc_watkins",1,1
"tdgn",1,1
"tdlf7jc3ig",1,1
"tea4texs",1,1
"teacher",1,1
"teachers",1,1
"teammarco",1,1
"teamrickperry",1,1
"tears",-1,1
"teasyroosevelt",1,1
"technically",1,1
"temperature",1,1
"tense",-1,1
"tenure",1,1
"terms",1,1
"terrible",-1,1
"texas",1,1
"texascruzn",1,1
"texasforbernie",1,1
"thatsmylobster",1,1
"theater",1,1
"there'd",1,1
"therecruitchair",1,1
"therunster",1,1
"thevgblog",1,1
"theyentareport",1,1
"thinblueline",1,1
"thinkbeforeyouvote",1,1
"threat",-1,1
"threaten",-1,1
"threw",1,1
"throat",1,1
"throne",1,1
"tier",1,1
"tiffinit",1,1
"till",1,1
"timeline",1,1
"tip",1,1
"tirade",1,1
"tiresome",1,1
"tithing",1,1
"tmjil45dxp",1,1
"tmp",1,1
"tnycloseread",1,1
"today's",1,1
"toilet",1,1
"tom",1,1
"topics",1,1
"topprog",1,1
"tops",1,1
"torchie123",1,1
"tougher",1,1
"town",1,1
"tpequality",1,1
"tperkins",1,1
"tpm",1,1
"tqxw14qzzb",1,1
"trailer",1,1
"train",1,1
"training",1,1
"trait",1,1
"transgender",1,1
"transgendered",1,1
"trashing",1,1
"treasure",1,1
"treated",1,1
"tree",1,1
"trends",1,1
"trial",1,1
"triangle",1,1
"trickle",1,1
"trillion",1,1
"triumph",1,1
"trojan",1,1
"troll",1,1
"trotalex",1,1
"trumpdebate",1,1
"trumpfiorina",1,1
"trumpiest",1,1
"trumptastic",1,1
"trumpvsfoxnews",1,1
"trumpwon",1,1
"trust",1,1
"truthfully",1,1
"tsunami",1,1
"tt",1,1
"tweeting",1,1
"twist",1,1
"twitterland",1,1
"tx",1,1
"type",1,1
"tywahlbrink",1,1
"uaib1m8ekc",1,1
"ucd675mrmy",1,1
"ugh",1,1
"ugly",-1,1
"ultimately",1,1
"uncles",1,1
"uncommon",1,1
"unconstitutional",1,1
"undercard",1,1
"understand",1,1
"understands",1,1
"underwood",1,1
"undoubtedly",1,1
"unfairness",1,1
"unfollowing",1,1
"unintentionally",1,1
"union",1,1
"unitebiue",1,1
"uniteblue",1,1
"unitebluewi",1,1
"unpacking",1,1
"unreleased",1,1
"unscathed",1,1
"unsurprisingly",1,1
"unsympathetic",1,1
"untill",1,1
"upbringing",1,1
"updated",1,1
"uprights",1,1
"uproar",1,1
"usage",1,1
"usedtobgop",1,1
"uspoli",1,1
"usual",1,1
"usweekly",1,1
"uterus",1,1
"utmost",1,1
"utter",1,1
"v4wnjcy9sw",1,1
"vacation",1,1
"valium",1,1
"vallarta",1,1
"vandalized",1,1
"vbpxf8hqrf",1,1
"verge",1,1
"versus",1,1
"veterans",1,1
"vets",1,1
"vgz4knfxk7",1,1
"vicenews",1,1
"victimized",-1,1
"victims",-1,1
"videos",1,1
"viewers",1,1
"vigorous",1,1
"vine",1,1
"violate",-1,1
"violated",-1,1
"violating",-1,1
"violence",-1,1
"violent",-1,1
"visit",1,1
"visiting",1,1
"visits",1,1
"vital",1,1
"vlt68ymse2",1,1
"vnkjjioqgj",1,1
"voteblue",1,1
"voted",1,1
"voter",1,1
"voting",1,1
"votingfemale",1,1
"vows",1,1
"vpxxlxevhi",1,1
"vtzmlujrqi",1,1
"wakaflocka",1,1
"wakes",1,1
"walked",1,1
"walker's",1,1
"wall",1,1
"wallets",1,1
"warrant",1,1
"warriorwoman91",1,1
"wars",1,1
"washerwoman",1,1
"washinformer",1,1
"watches",1,1
"water",1,1
"wavy",1,1
"waynedupreeshow",1,1
"wear",1,1
"web",1,1
"website",1,1
"week",1,1
"weigh",1,1
"wendie07",1,1
"west's",1,1
"wet",1,1
"wether",1,1
"wfie",1,1
"whgcid8ee7",1,1
"whinenot",1,1
"whines",1,1
"whiny",1,1
"whitemamba23",1,1
"whitneyneal",1,1
"whoareyouwearing",1,1
"whoop",1,1
"wife",1,1
"wildest",1,1
"will_bunch",1,1
"williams",1,1
"willneverlie",1,1
"wilts",1,1
"wilw",1,1
"winding",1,1
"wisconsin",1,1
"wise",1,1
"wiseguys",1,1
"wiseguysutah",1,1
"witty",1,1
"wmur9_politics",1,1
"wnd_txt",1,1
"wolfofwarrenst",1,1
"women's",1,1
"wonderful",1,1
"wonkette's",1,1
"words",1,1
"worldnetdaily",1,1
"worry",-1,1
"would've",1,1
"wrapped",1,1
"wreck",-1,1
"wrestling",1,1
"write",1,1
"writing",1,1
"writingdownpat",1,1
"wrrgmtvyoz",1,1
"wrschgn",1,1
"wsj",1,1
"wywlcgtczr",1,1
"x___x",1,1
"x8uwh4kowv",1,1
"y1awqcpfnw",1,1
"yankeebrit77",1,1
"yay",1,1
"ycot",1,1
"yeah",1,1
"yep",1,1
"yesterday's",1,1
"yhvnoeinyi",1,1
"yippie",1,1
"ykhong",1,1
"ynnabr9pqq",1,1
"yoshi",1,1
"youryakiri",1,1
"youtube",1,1
"yup",1,1
"zachhaller",1,1
"zachmider",1,1
"zhnqhdpiln",1,1
"zingers",1,1
"znljf0zjd9",1,1
"zoegberg",1,1
"zw8jupqp11",1,1
"zycg0ixwru",1,1
"zycvny4noq",1,1
